type,map,status,progress_1,progress_2,heroes,hero_1,hero_2,hero_3,hero_4,hero_5,hero_6,hero_7,hero_8,hero_9,hero_10,hero_11,hero_12,health_1,health_2,health_3,health_4,health_5,health_6,health_7,health_8,health_9,health_10,health_11,health_12,ult_1,ult_2,ult_3,ult_4,ult_5,ult_6,ult_7,ult_8,ult_9,ult_10,ult_11,ult_12,ult_use_1,ult_use_2,ult_use_3,ult_use_4,ult_use_5,ult_use_6,ult_use_7,ult_use_8,ult_use_9,ult_use_10,ult_use_11,ult_use_12,elim_1,elim_2,elim_3,elim_4,elim_5,elim_6,elim_7,elim_8,elim_9,elim_10,elim_11,elim_12
control,,,,,ana,,,,,,,,,,,,,,,,,,,,,,,,,,,,,,,,,,,,,,,,,,,,,,,,,,,,,,,,,,,,
,,,,,ashe,,,,,,,,,,,,,,,,,,,,,,,,,,,,,,,,,,,,,,,,,,,,,,,,,,,,,,,,,,,,
,,,,,baptiste,,,,,,,,,,,,,,,,,,,,,,,,,,,,,,,,,,,,,,,,,,,,,,,,,,,,,,,,,,,,
,,,,,bastion,,,,,,,,,,,,,,,,,,,,,,,,,,,,,,,,,,,,,,,,,,,,,,,,,,,,,,,,,,,,
,,,,,brigitte,,,,,,,,,,,,,,,,,,,,,,,,,,,,,,,,,,,,,,,,,,,,,,,,,,,,,,,,,,,,
,,,,,doomfist,,,,,,,,,,,,,,,,,,,,,,,,,,,,,,,,,,,,,,,,,,,,,,,,,,,,,,,,,,,,
,,,,,dva,,,,,,,,,,,,,,,,,,,,,,,,,,,,,,,,,,,,,,,,,,,,,,,,,,,,,,,,,,,,
,b,-1,-1,-1,echo,1,26,14,20,19,0,22,29,2,-1,0,28,1,1,1,1,1,1,1,1,1,1,1,1,0,0,0,0,0,0,0,0,0,0,0,0,,,,,,,,,,,,,,,,,,,,,,,,
,b,-1,-1,-1,genji,1,26,14,20,19,0,22,29,2,-1,0,28,1,1,1,1,1,1,1,1,1,1,1,1,0,0,0,0,0,0,0,0,0,0,0,0,,,,,,,,,,,,,,,,,,,,,,,,
,b,-1,-1,-1,hanzo,1,26,14,20,19,0,22,29,2,-1,0,28,1,1,1,1,1,1,1,1,1,1,1,1,0,0,0,0,0,0,0,0,0,0,0,0,,,,,,,,,,,,,,,,,,,,,,,,
,b,-1,-1,-1,junkrat,1,26,14,20,19,0,22,29,2,-1,0,28,1,1,1,1,1,1,1,1,1,1,1,1,0,0,0,0,0,0,0,0,0,0,0,0,,,,,,,,,,,,,,,,,,,,,,,,
,b,-1,-1,-1,lucio,1,26,14,20,19,0,22,29,2,-1,0,28,1,1,1,1,1,1,1,1,1,1,1,1,0,0,0,0,0,0,0,0,0,0,0,0,,,,,,,,,,,,,,,,,,,,,,,,
,b,-1,-1,-1,mccree,1,26,14,20,19,0,22,29,2,-1,0,28,1,1,1,1,1,1,1,1,1,1,1,1,0,0,0,0,0,0,0,0,0,0,0,0,,,,,,,,,,,,,,,,,,,,,,,,
,b,-1,-1,-1,mei,1,26,14,20,19,0,22,29,2,-1,0,28,1,1,1,1,1,1,1,1,1,1,1,1,0,0,0,0,0,0,0,0,0,0,0,0,,,,,,,,,,,,,,,,,,,,,,,,
,b,-1,-1,-1,mercy,1,26,14,20,19,0,22,29,2,-1,0,28,1,1,1,1,1,1,1,1,1,1,1,1,0,0,0,0,0,0,0,0,0,0,0,0,,,,,,,,,,,,,,,,,,,,,,,,
,b,-1,-1,-1,moira,1,26,14,20,19,0,22,29,2,-1,0,28,1,1,1,1,1,1,1,1,1,1,1,1,0,0,0,0,0,0,0,0,0,0,0,0,,,,,,,,,,,,,,,,,,,,,,,,
,b,-1,-1,-1,orisa,1,26,14,20,19,0,22,29,2,-1,0,28,1,1,1,1,1,1,1,1,1,1,1,1,0,0,0,0,0,0,0,0,0,0,0,0,,,,,,,,,,,,,,,,,,,,,,,,
,b,-1,-1,-1,pharah,1,26,14,20,19,0,22,29,2,-1,0,28,1,1,1,1,1,1,1,1,1,1,1,1,0,0,0,0,0,0,0,0,0,0,0,0,,,,,,,,,,,,,,,,,,,,,,,,
,b,-1,-1,-1,reaper,1,26,14,20,19,0,22,29,2,-1,0,28,1,1,1,1,1,1,1,1,1,1,1,1,0,0,0,0,0,0,0,0,0,0,0,0,,,,,,,,,,,,,,,,,,,,,,,,
,b,-1,-1,-1,reinhardt,1,26,14,20,19,0,22,29,2,-1,0,28,1,1,1,1,1,1,1,1,1,1,1,1,0,0,0,0,0,0,0,0,0,0,0,0,,,,,,,,,,,,,,,,,,,,,,,,
,b,-1,-1,-1,roadhog,1,26,14,20,19,0,22,29,2,-1,0,28,1,1,1,1,1,1,1,1,1,1,1,1,0,0,0,0,0,0,0,0,0,0,0,0,,,,,,,,,,,,,,,,,,,,,,,,
,b,-1,-1,-1,sigma,1,26,14,20,19,0,22,29,2,-1,0,28,1,1,1,1,1,1,1,1,1,1,1,1,0,0,0,0,0,0,0,0,0,0,0,0,,,,,,,,,,,,,,,,,,,,,,,,
,b,-1,-1,-1,soldier76,1,26,14,20,19,0,22,29,2,-1,0,28,1,1,1,1,1,1,1,1,1,1,1,1,0,0,0,0,0,0,0,0,0,0,0,0,,,,,,,,,,,,,,,,,,,,,,,,
,b,-1,-1,-1,sombra,1,26,14,20,19,0,22,29,2,-1,0,28,1,1,1,1,1,1,1,1,1,1,1,1,0,0,0,0,0,0,0,0,0,0,0,0,,,,,,,,,,,,,,,,,,,,,,,,
,b,-1,-1,-1,symmetra,1,26,14,20,19,0,22,29,2,-1,0,28,1,1,1,1,1,1,1,1,1,1,1,1,0,0,0,0,0,0,0,0,0,0,0,0,,,,,,,,,,,,,,,,,,,,,,,,
,b,-1,-1,-1,torbjorn,1,26,14,20,19,0,22,29,2,-1,0,28,1,1,1,1,1,1,1,1,1,1,1,1,0,0,0,0,0,0,0,0,0,0,0,0,,,,,,,,,,,,,,,,,,,,,,,,
,b,-1,-1,-1,tracer,1,26,14,20,19,0,22,29,2,-1,0,28,1,1,1,1,1,1,1,1,1,1,1,1,0,0,0,0,0,0,0,0,0,0,0,0,,,,,,,,,,,,,,,,,,,,,,,,
,b,-1,-1,-1,widowmaker,1,26,14,20,19,0,22,29,2,-1,0,28,1,1,1,1,1,1,1,1,1,1,1,1,0,0,0,0,0,0,0,0,0,0,0,0,,,,,,,,,,,,,,,,,,,,,,,,
,b,-1,-1,-1,winston,1,26,14,20,19,0,22,29,2,-1,0,28,1,1,1,1,1,1,1,1,1,1,1,1,0,0,0,0,0,0,0,0,0,0,0,0,,,,,,,,,,,,,,,,,,,,,,,,
,b,-1,-1,-1,wreckingball,1,26,14,20,19,0,22,29,2,-1,0,28,1,1,1,1,1,1,1,1,1,1,1,1,0,0,0,0,0,0,0,0,0,0,0,0,,,,,,,,,,,,,,,,,,,,,,,,
,b,-1,-1,-1,zarya,1,26,14,20,19,0,22,29,2,-1,0,28,1,1,1,1,1,1,1,1,1,1,1,1,0,0,0,0,0,0,0,0,0,0,0,0,,,,,,,,,,,,,,,,,,,,,,,,
,b,-1,-1,-1,zenyatta,1,26,14,20,19,0,22,29,2,-1,0,28,1,1,1,1,1,1,1,1,1,1,1,1,0,0,0,0,0,0,0,0,0,0,0,0,,,,,,,,,,,,,,,,,,,,,,,,
,b,-1,-1,-1,,1,26,14,20,19,0,22,29,2,26,0,28,1,1,1,1,1,1,1,1,1,1,1,1,0,0,0,0,0,0,0,0,0,0,0,0,,,,,,,,,,,,,,,,,,,,,,,,
,b,-1,-1,-1,,1,26,14,20,19,0,22,29,2,26,0,28,1,1,1,1,1,1,1,1,1,1,1,1,0,0,0,0,0,0,0,0,0,0,0,0,,,,,,,,,,,,,,,,,,,,,,,,
,b,-1,-1,-1,,1,26,14,20,19,0,22,29,2,26,0,28,1,1,1,1,1,1,1,1,1,1,1,1,0,0,0,0,0,0,0,0,0,0,0,0,,,,,,,,,,,,,,,,,,,,,,,,
,b,-1,-1,-1,,1,26,14,20,19,0,22,29,2,26,0,28,1,1,1,1,1,1,1,1,1,1,1,1,0,0,0,0,0,0,0,0,0,0,0,0,,,,,,,,,,,,,,,,,,,,,,,,
,b,-1,-1,-1,,1,26,14,20,19,0,22,29,2,26,0,28,1,1,1,1,1,1,1,1,1,1,1,1,0,0,0,0,0,0,0,0,0,0,0,0,,,,,,,,,,,,,,,,,,,,,,,,
,b,-1,-1,-1,,1,26,14,20,19,0,22,29,2,8,0,28,1,1,1,1,1,1,1,1,1,1,1,1,0,0,0,0,0,0,0,0,0,0,0,0,,,,,,,,,,,,,,,,,,,,,,,,
,b,-1,-1,-1,,1,26,14,20,19,0,22,29,2,8,0,28,1,1,1,1,1,1,1,1,1,1,1,1,0,0,0,0,0,0,0,0,0,0,0,0,,,,,,,,,,,,,,,,,,,,,,,,
,b,-1,-1,-1,,1,26,14,20,19,0,22,29,2,8,0,28,1,1,1,1,1,1,1,1,1,1,1,1,0,1,0,0,0,0,0,0,0,0,0,0,,,,,,,,,,,,,,,,,,,,,,,,
,b,-1,-1,-1,,1,26,14,20,19,0,22,29,2,8,0,28,1,1,1,1,1,1,1,1,1,1,1,1,0,1,1,0,1,0,0,1,0,0,0,1,,,,,,,,,,,,,,,,,,,,,,,,
,b,-1,-1,-1,,1,26,14,20,19,0,22,29,2,8,0,28,1,1,1,1,1,1,1,1,1,1,1,1,1,1,1,1,1,1,1,1,1,1,1,1,,,,,,,,,,,,,,,,,,,,,,,,
,b,-1,-1,-1,,1,26,14,20,19,0,22,29,2,8,0,28,1,1,1,1,1,1,1,1,1,1,1,1,1,2,1,1,1,1,1,1,1,1,1,1,,,,,,,,,,,,,,,,,,,,,,,,
,b,-1,-1,-1,,1,26,14,20,19,0,22,29,2,8,0,28,1,1,1,1,1,1,1,1,1,1,1,1,1,2,1,1,2,1,1,2,1,1,1,2,,,,,,,,,,,,,,,,,,,,,,,,
,b,-1,-1,-1,,1,26,14,20,19,0,22,29,2,8,0,28,1,1,1,1,1,1,1,1,1,1,1,1,1,3,2,1,2,1,1,2,1,2,1,2,,,,,,,,,,,,,,,,,,,,,,,,
,b,-1,-1,-1,,1,26,14,20,19,0,22,29,2,8,0,28,1,1,1,1,1,1,1,1,1,1,1,1,2,3,2,2,2,2,1,2,2,2,2,2,,,,,,,,,,,,,,,,,,,,,,,,
,b,-1,-1,-1,,1,26,14,20,19,0,22,29,2,8,0,28,1,1,1,1,1,1,1,1,1,1,1,1,2,3,2,2,3,2,2,3,2,2,2,3,,,,,,,,,,,,,,,,,,,,,,,,
,b,-1,-1,-1,,1,26,14,20,19,0,22,29,2,8,0,28,1,1,1,1,1,1,1,1,1,1,1,1,2,4,3,2,3,2,2,3,2,2,2,3,,,,,,,,,,,,,,,,,,,,,,,,
,b,-1,-1,-1,,1,26,14,20,19,0,22,29,2,8,0,28,1,1,1,1,1,1,1,1,1,1,1,1,5,4,4,2,3,2,2,3,2,3,2,3,,,,,,,,,,,,,,,,,,,,,,,,
,b,-1,-1,-1,,1,26,14,20,19,0,22,29,2,8,0,28,1,1,1,1,1,1,1,1,1,1,1,1,5,5,4,2,4,3,2,4,3,3,3,4,,,,,,,,,,,,,,,,,,,,,,,,
,b,-1,-1,-1,,1,26,14,20,19,0,22,29,2,8,0,28,1,1,1,1,1,1,1,1,1,1,1,1,5,5,4,3,4,3,3,4,3,3,3,4,,,,,,,,,,,,,,,,,,,,,,,,
,b,-1,-1,-1,,1,26,14,20,19,0,22,29,2,8,0,28,1,1,1,1,1,1,1,1,1,1,1,1,5,5,4,3,4,3,3,4,3,4,3,4,,,,,,,,,,,,,,,,,,,,,,,,
,b,-1,-1,-1,,1,26,14,20,19,0,22,29,2,8,0,28,1,1,1,1,1,1,1,1,1,1,1,1,6,6,5,3,5,3,5,5,3,4,3,5,,,,,,,,,,,,,,,,,,,,,,,,
,b,-1,-1,-1,,1,26,14,20,19,0,22,29,2,8,0,28,1,1,1,1,1,1,1,1,1,1,1,1,6,6,5,4,5,4,8,5,8,4,4,5,,,,,,,,,,,,,,,,,,,,,,,,
,b,-1,-1,-1,,1,26,14,20,19,0,22,29,2,8,0,28,1,1,1,1,1,1,1,1,1,1,1,1,12,7,7,4,5,4,8,5,9,5,4,5,,,,,,,,,,,,,,,,,,,,,,,,
,b,-1,-1,-1,,1,26,14,20,19,0,22,29,2,8,0,28,1,1,1,1,1,1,1,1,1,1,1,1,12,7,7,4,6,4,8,6,9,5,4,6,,,,,,,,,,,,,,,,,,,,,,,,
,b,-1,-1,-1,,1,26,14,20,19,0,22,29,2,8,0,28,1,1,1,1,1,1,1,1,1,1,1,1,20,7,11,5,6,8,9,6,11,10,5,6,,,,,,,,,,,,,,,,,,,,,,,,
,b,-1,-1,-1,,1,26,14,20,19,0,22,29,2,8,0,28,1,1,1,1,1,1,1,1,1,1,1,1,20,8,14,5,6,14,11,6,13,10,5,6,,,,,,,,,,,,,,,,,,,,,,,,
,b,-1,-1,-1,,1,26,14,20,19,0,22,29,2,8,0,28,1,1,1,1,1,1,1,1,1,1,1,1,20,19,15,5,7,14,16,7,15,11,5,7,,,,,,,,,,,,,,,,,,,,,,,,
,b,-1,-1,-1,,1,26,14,20,19,0,22,29,2,8,0,28,1,1,1,1,1,1,1,1,1,1,1,1,21,19,16,5,7,17,17,13,16,12,5,7,,,,,,,,,,,,,,,,,,,,,,,,
,b,-1,-1,-1,,1,26,14,20,19,0,22,29,2,8,0,28,1,1,1,1,1,1,1,1,1,1,1,1,21,23,16,5,12,21,17,13,17,13,6,7,,,,,,,,,,,,,,,,,,,,,,,,
,b,-1,-1,-1,,1,26,14,20,19,0,22,29,2,8,0,28,1,1,1,1,1,1,0,1,1,1,1,1,21,24,16,6,12,21,17,14,17,13,6,8,,,,,,,,,,,,,,,,,,,2,,,,,
,b,-1,-1,-1,,1,26,14,20,19,0,22,29,2,8,0,28,1,1,1,1,1,1,0,1,1,1,1,1,30,25,19,6,13,21,18,20,17,13,6,8,,,,,,,,,,,,,,,,,,,,,,,,
,b,-1,-1,-1,,1,26,14,20,19,0,22,29,2,8,0,28,1,1,1,1,1,1,0,1,1,1,1,1,31,25,20,6,13,22,18,22,17,17,7,10,,,,,,,,,,,,,,,,,,,,,,,,
,b,-1,-1,-1,,1,26,14,20,19,0,22,29,2,8,0,28,1,1,1,1,1,1,0,1,1,1,1,1,31,26,20,7,18,22,18,28,19,17,10,12,,,,,,,,,,,,,,,,,,,,,,,,
,b,-1,-1,-1,,1,26,14,20,19,0,22,29,2,8,0,28,1,1,1,1,1,1,0,1,1,1,1,1,31,26,24,7,24,22,18,28,19,25,10,12,,,,,,,,,,,,,,,,,,,,,,,,
,b,0,0,0,,1,26,14,20,19,0,22,29,2,8,0,28,1,1,1,1,1,1,0,1,1,1,1,1,32,26,29,7,29,25,18,28,19,30,13,13,,,,,,,,,,,,,,,,,,,,,,,,
,b,0,0,0,,1,26,14,20,19,0,22,29,2,8,0,28,1,1,1,1,1,1,0,1,1,1,1,1,32,27,32,7,34,25,19,29,22,31,18,16,,,,,,,,,,,,,,,,,,,,,,,,
,b,0,0,0,,1,26,14,20,19,0,22,29,2,8,0,28,1,1,1,1,1,1,0,1,1,1,1,1,34,34,35,8,34,25,19,32,30,34,21,16,,,,,,,,,,,,,,,,,,,,,,,,
,b,0,0,0,,1,26,14,20,19,0,22,29,2,8,0,28,1,1,1,1,1,1,0,1,1,1,1,1,34,39,39,8,35,29,19,34,32,38,21,17,,,,,,,,,,,,,,,,,,,,,,,,
,b,0,0,0,,1,26,14,20,19,0,22,29,2,8,0,28,1,1,1,1,1,1,0,1,1,1,1,1,34,42,42,8,35,29,19,37,36,38,23,19,,,,,,,,,,,,,,,,,,,,,,,,
,b,0,0,0,,1,26,14,20,19,0,22,29,2,8,0,28,1,1,1,1,1,1,1,1,1,1,1,1,35,43,44,8,35,29,20,37,38,39,25,19,,,,,,,,,,,,,,,,,,,,,,,,
,b,0,0,0,,1,26,14,20,19,0,22,29,2,8,0,28,1,1,1,1,1,1,1,1,1,1,1,1,35,50,44,8,36,30,20,38,42,39,25,20,,,,,,,,,,,,,,,,,,,,,,,,
,b,0,0,0,,1,26,14,20,19,0,22,29,2,8,0,28,1,1,1,1,1,1,1,1,1,1,1,1,35,57,45,10,36,35,20,38,44,39,26,20,,,,,,,,,,,,,,,,,,,,,,,,
,b,1,0,0,,1,26,14,20,19,0,22,29,2,8,0,28,1,1,1,1,1,1,1,1,1,1,1,1,35,61,48,20,41,47,20,41,47,40,26,20,,,,,,,,,,,,,,,,,,,,,,,,
,b,1,1,0,,1,26,14,20,19,0,22,29,2,8,0,28,1,1,1,1,1,1,1,0,1,1,1,1,35,61,49,20,42,50,20,41,47,46,28,21,,,,,,,,,,,,,,,,,,,,4,,,,
,b,1,2,0,,1,26,14,20,19,0,22,29,2,8,0,28,1,1,1,1,1,1,1,0,1,1,1,1,40,61,52,22,42,53,21,41,48,46,30,21,,,,,,,,,,,,,,,,,,,,,,,,
,b,1,2,0,,1,26,14,20,19,0,22,29,2,8,0,28,1,1,1,1,1,1,1,0,1,0,1,1,43,70,55,22,42,53,21,42,49,47,30,21,,,,,,,,,,,,,,,,,,,,,,1,,
,b,1,3,0,,1,26,14,20,19,0,22,29,2,8,0,28,1,1,1,1,1,1,1,0,1,0,1,1,43,70,55,22,43,54,21,42,50,47,34,22,,,,,,,,,,,,,,,,,,,,,,,,
,b,1,4,0,,1,26,14,20,19,0,22,29,2,8,0,28,1,1,1,1,1,1,1,0,1,0,1,1,43,81,55,22,43,54,21,42,50,47,37,22,,,,,,,,,,,,,,,,,,,,,,,,
,b,1,5,0,,1,26,14,20,19,0,22,29,2,8,0,28,1,1,1,1,1,1,1,0,1,0,1,1,44,83,56,23,43,54,27,43,50,48,38,23,,,,,,,,,,,,,,,,,,,,,,,,
,b,1,6,0,,1,26,14,20,19,0,22,29,2,8,0,28,1,1,1,1,1,1,1,0,1,0,1,1,44,83,56,24,44,54,30,43,53,48,41,23,,,,,,,,,,,,,,,,,,,,,,,,
,b,1,7,0,,1,26,14,20,19,0,22,29,2,8,0,28,1,1,1,1,1,1,1,0,1,0,1,1,44,84,56,24,44,54,35,43,53,48,43,24,,,,,,,,,,,,,,,,,,,,,,,,
,b,1,7,0,,1,26,14,20,19,0,22,29,2,8,0,28,1,1,1,1,1,1,1,0,1,0,1,1,44,84,57,24,44,55,37,44,53,48,43,24,,,,,,,,,,,,,,,,,,,,,,,,
,b,1,8,0,,1,26,14,20,19,0,22,29,2,8,0,28,1,1,1,1,1,1,1,1,1,0,1,1,45,84,60,24,51,58,42,44,54,49,44,24,,,,,,,,,,,,,,,,,,,,,,,,
,b,1,9,0,,1,26,14,20,19,0,22,29,2,8,0,28,1,1,1,1,1,1,1,1,1,0,1,1,45,87,64,25,51,59,43,44,58,49,50,25,,,,,,,,,,,,,,,,,,,,,,,,
,b,1,10,0,,1,26,14,20,19,0,22,29,2,8,0,28,1,1,1,1,1,1,1,1,1,0,1,1,45,88,64,25,52,59,45,45,60,49,50,25,,,,,,,,,,,,,,,,,,,,,,,,
,b,1,11,0,,1,26,14,20,19,0,22,29,2,8,0,28,1,1,1,1,1,1,1,1,1,1,1,1,45,88,66,25,52,62,47,45,61,50,50,29,,,,,,,,,,,,,,,,,,,,,,,,
,b,1,12,0,,1,26,14,20,19,0,22,29,2,8,0,28,1,1,1,1,1,1,1,1,1,1,1,1,45,88,69,25,52,66,52,45,61,50,50,31,,,,,,,,,,,,,,,,,,,,,,,,
,b,1,12,0,,1,26,14,20,19,0,22,29,2,8,0,28,1,1,1,1,1,1,1,1,1,1,1,1,46,89,72,25,53,66,52,46,61,50,50,32,,,,,,,,,,,,,,,,,,,,,,,,
,b,1,13,0,,1,26,14,20,19,0,22,29,2,8,0,28,1,1,1,1,1,1,1,1,1,1,1,1,46,89,75,26,53,66,52,46,61,51,51,32,,,,,,,,,,,,,,,,,,,,,,,,
,b,1,14,0,,1,26,14,20,19,0,22,29,2,8,0,28,1,1,1,1,1,1,1,1,1,1,1,1,46,90,79,26,53,67,52,46,62,51,51,32,,,,,,,,,,,,,,,,,,,,,,,,
,b,1,15,0,,1,26,14,20,19,0,22,29,2,8,0,28,1,1,1,1,1,1,1,1,1,1,1,1,46,90,82,26,54,70,55,47,62,51,51,33,,,,,,,,,,,,,,,,,,,,,,,,
,b,1,16,0,,1,26,14,20,19,0,22,29,2,8,0,28,1,1,1,1,1,1,1,1,1,1,1,1,49,90,85,26,54,70,58,50,62,51,55,33,,,,,,,,,,,,,,,,,,,,,,,,
,b,1,17,0,,1,26,14,20,19,0,22,29,2,8,0,28,1,1,1,1,1,1,1,1,1,1,1,1,52,91,88,27,54,74,61,50,62,52,55,33,,,,,,,,,,,,,,,,,,,,,,,,
,b,1,17,0,,1,26,14,20,19,0,22,29,2,8,0,28,1,1,1,1,1,1,1,1,1,1,1,1,58,91,92,28,55,78,61,50,68,52,56,34,,,,,,,,,,,,,,,,,,,,,,,,
,b,1,18,0,,1,26,14,20,19,0,22,29,2,8,0,28,1,1,1,1,1,1,1,1,1,1,1,1,65,92,95,35,60,78,65,51,68,52,63,35,,,,,,,,,,,,,,,,,,,,,,,,
,b,1,19,0,,1,26,14,20,19,0,22,29,2,8,0,28,1,1,1,1,1,1,1,1,1,1,1,1,66,95,98,36,60,78,67,51,68,56,66,35,,,,,,,,,,,,,,,,,,,,,,,,
,b,1,20,0,,1,26,14,20,19,0,22,29,2,8,0,28,1,1,1,1,1,1,1,1,1,1,1,1,66,95,100,36,60,78,68,51,68,56,66,35,,,,,,,,,,,,,,,,,,,,,,,,
,b,1,21,0,,1,26,14,20,19,0,22,29,2,8,0,28,1,1,1,1,1,1,1,1,1,1,1,1,69,96,100,38,61,81,68,52,68,56,67,36,,,,,,,,,,,,,,,,,,,,,,,,
,b,1,22,0,,1,26,14,20,19,0,22,29,2,8,0,28,1,1,1,1,1,1,1,1,1,1,1,1,69,97,100,39,61,83,68,53,71,57,67,36,,,,,,,,,,,,,,,,,,,,,,,,
,b,1,22,0,,1,26,14,20,19,0,22,29,2,8,0,28,1,1,1,1,1,1,1,1,1,1,1,1,70,98,100,39,61,85,68,53,74,57,67,36,,,,,,,,,,,,,,,,,,,,,,,,
,b,1,23,0,,1,26,14,20,19,0,22,29,2,8,0,28,1,1,1,1,1,1,1,1,1,1,1,1,70,98,100,39,62,89,72,55,74,57,71,37,,,,,,,,,,,,,,,,,,,,,,,,
,b,1,24,0,,1,26,14,20,19,0,22,29,2,8,0,28,1,1,1,1,1,1,1,1,1,1,1,1,70,99,100,39,62,89,75,55,77,57,74,37,,,,,,,,,,,,,,,,,,,,,,,,
,b,1,25,0,,1,26,14,20,19,0,22,29,2,8,0,28,1,1,1,1,1,1,1,1,1,1,1,1,70,99,100,40,62,90,75,56,80,58,78,37,,,,,,,,,,,,,,,,,,,,,,,,
,b,1,26,0,,1,26,14,20,19,0,22,29,2,8,0,28,1,1,1,1,1,1,1,1,1,1,1,1,74,99,100,40,63,90,75,56,82,58,78,38,,,,,,,,,,,,,,,,,,,,,,,,
,b,1,27,0,,1,26,14,20,19,0,22,29,2,8,0,28,1,1,1,1,1,1,1,1,1,1,1,1,77,100,100,40,63,93,76,56,85,58,78,38,,,,,,,,,,,,,,,,,,,,,,,,
,b,1,27,0,,1,26,14,20,19,0,22,29,2,8,0,28,1,1,1,1,1,1,1,1,1,1,1,1,81,100,100,40,63,97,76,58,86,59,78,38,,,,,,,,,,,,,,,,,,,,,,,,
,b,1,28,0,,1,26,14,20,19,0,22,29,2,8,0,28,1,1,1,1,1,1,1,1,1,1,1,1,81,100,100,40,64,100,78,59,89,59,79,39,,,,,,,,,,,,,,,,,,,,,,,,
,b,1,29,0,,1,26,14,20,19,0,22,29,2,8,0,28,1,1,1,1,1,1,1,1,1,1,1,1,81,100,100,41,64,100,79,62,91,59,79,39,,,,,,,,,,,,,,,,,,,,,,,,
,b,1,30,0,,1,26,14,20,19,0,22,29,2,8,0,28,1,1,1,1,1,1,1,1,1,1,1,1,82,100,100,41,64,100,79,63,96,60,80,39,,,,,,,,,,,,,,,,,,,,,,,,
,b,1,31,0,,1,26,14,20,19,0,22,29,2,8,0,28,1,1,1,1,1,1,1,1,1,1,1,1,95,100,100,41,65,100,79,63,97,60,81,43,,,,,,,,,,,,,,,,,,,,,,,,
,b,1,32,0,,1,26,14,20,19,0,22,29,2,8,0,28,1,1,1,1,1,1,1,1,1,1,1,1,100,100,100,41,71,100,79,64,97,60,81,45,,,,,,,,,,,,,,,,,,,,,,,,
,b,1,32,0,,1,26,14,20,19,0,22,29,2,8,0,28,1,1,1,1,1,1,1,1,1,1,1,0,100,100,100,42,71,100,80,64,97,60,81,45,,,,,,,,,,,,,,,,,,,,,,,,5
,b,1,33,0,,1,26,14,20,19,0,22,29,2,8,0,28,1,1,1,1,1,1,1,1,1,1,1,0,100,100,100,48,72,100,85,64,99,62,81,45,,,,,,,,,,,,,,,,,,,,,,,,
,b,1,34,0,,1,26,14,20,19,0,22,29,2,8,0,28,1,1,1,1,1,1,1,1,1,1,1,0,100,100,100,49,72,100,88,65,100,63,82,46,,,,,,,,,,,,,,,,,,,,,,,,
,b,1,35,0,,1,26,14,20,19,0,22,29,2,8,0,28,1,1,1,1,1,1,1,1,1,1,1,0,100,100,100,49,72,100,89,67,100,65,85,46,,,,,,,,,,,,,,,,,,,,,,,,
,b,1,36,0,,1,26,14,20,19,0,22,29,2,8,0,28,1,1,1,1,1,1,0,1,1,1,1,0,100,100,100,49,73,100,93,70,100,65,85,46,,,,,,,,,,,,,,,,,,,1,,,,,
,b,1,37,0,,1,26,14,20,19,0,22,29,2,8,0,28,1,1,1,1,1,1,0,1,1,1,1,0,100,100,100,49,73,100,93,72,100,65,88,47,,,,,,,,,,,,,,,,,,,,,,,,
,b,1,37,0,,1,26,14,20,19,0,22,29,2,8,0,28,1,1,1,1,1,1,0,1,1,1,1,0,100,100,100,50,73,100,93,72,100,66,92,47,,,,,,,,,,,,,,,,,,,,,,,,
,b,1,38,0,,1,26,14,20,19,0,22,29,2,8,0,28,1,1,1,1,1,1,0,1,1,1,1,0,100,100,100,50,74,100,93,72,100,67,94,47,,,,,,,,,,,,,,,,,,,,,,,,
,b,1,39,0,,1,26,14,20,19,0,22,29,2,8,0,28,1,1,1,1,1,1,0,1,1,1,1,0,100,100,100,50,74,100,94,73,100,71,96,48,,,,,,,,,,,,,,,,,,,,,,,,
,b,1,40,0,,1,26,14,20,19,0,22,29,2,8,0,28,1,1,1,1,1,1,0,1,1,1,1,1,100,100,100,50,74,100,94,82,100,72,96,0,,,,,,,,,,,,,,,,,,,,,,,,
,b,1,41,0,,1,26,14,20,19,0,22,29,2,8,0,20,1,1,1,1,1,1,0,1,1,1,1,1,100,100,100,50,75,100,94,83,100,72,98,0,,,,,,,,,,,,,,,,,,,,,,,,
,b,1,42,0,,1,26,14,20,19,0,22,29,2,8,0,20,1,1,1,1,1,1,0,1,1,1,1,1,100,100,100,51,75,100,94,83,100,74,100,0,,,,,,,,,,,,,,,,,,,,,,,,
,b,1,42,0,,1,26,14,20,19,0,22,29,2,8,0,20,1,1,1,1,1,1,0,1,1,1,1,1,100,100,100,51,75,100,95,89,100,74,100,0,,,,,,,,,,,,,,,,,,,,,,,,
,b,1,43,0,,1,26,14,20,19,0,22,29,2,8,0,20,1,1,1,1,1,1,0,1,1,1,1,1,100,100,100,51,80,100,95,92,100,75,100,0,,,,,,,,,,,,,,,,,,,,,,,,
,b,1,44,0,,1,26,14,20,19,0,22,29,2,8,0,20,1,1,1,1,1,1,1,1,1,1,1,1,100,100,100,52,81,100,95,92,100,75,100,1,,,,,,,,,,,,,,,,,,,,,,,,
,b,1,45,0,,1,26,14,20,19,0,22,29,2,8,0,20,1,1,1,1,1,1,1,1,1,1,1,1,100,100,100,52,81,100,95,92,100,75,100,1,,,,,,,,,,,,,,,,,,,,,,,,
,b,1,46,0,,1,26,14,20,19,0,22,29,2,8,0,20,1,1,1,1,1,1,1,1,1,1,1,1,100,100,100,52,81,100,95,93,100,76,100,1,,,,,,,,,,,,,,,,,,,,,,,,
,b,1,47,0,,1,26,14,20,19,0,22,29,2,8,0,20,1,1,1,1,1,1,1,1,1,1,1,1,100,100,100,52,82,100,96,93,100,76,100,1,,,,,,,,,,,,,,,,,,,,,,,,
,b,1,47,0,,1,26,14,20,19,0,22,29,2,8,0,20,1,1,1,1,1,1,1,1,1,1,1,1,100,100,100,53,82,100,96,93,100,79,100,2,,,,,,,,,,,,,,,,,,,,,,,,
,b,1,48,0,,1,26,14,20,19,0,22,29,2,8,0,20,1,1,1,1,1,1,1,1,1,1,1,1,100,100,100,53,82,100,96,94,100,80,100,2,,,,,,,,,,,,,,,,,,,,,,,,
,b,1,49,0,,1,26,14,20,19,0,22,29,2,8,0,20,1,1,1,1,1,1,1,1,1,1,1,1,100,100,100,53,83,100,96,95,100,80,100,2,,,,,,,,,,,,,,,,,,,,,,,,
,b,1,50,0,,1,26,14,20,19,0,22,29,2,8,0,20,1,1,1,1,1,1,1,1,1,1,1,1,100,100,100,53,83,100,97,97,100,80,100,3,,,,,,,,,,,,,,,,,,,,,,,,
,b,1,51,0,,1,26,14,20,19,0,22,29,2,8,0,20,1,1,1,1,1,1,1,1,1,1,1,1,100,100,100,56,83,100,100,97,100,81,100,4,,,,,,,,,,,,,,,,,,,,,,,,
,b,1,52,0,,1,26,14,20,19,0,22,29,2,8,0,20,1,1,1,1,1,1,1,1,1,1,1,1,100,100,100,56,84,100,100,97,100,81,100,5,,,,,,,,,,,,,,,,,,,,,,,,
,b,1,52,0,,1,26,14,20,19,0,22,29,2,8,0,20,1,1,1,1,1,1,1,1,1,1,1,1,100,100,100,56,84,100,100,98,100,81,100,5,,,,,,,,,,,,,,,,,,,,,,,,
,b,1,53,0,,1,26,14,20,19,0,22,29,2,8,0,20,1,1,1,1,1,1,1,1,1,1,1,1,100,100,100,56,84,100,100,98,100,82,100,5,,,,,,,,,,,,,,,,,,,,,,,,
,b,1,54,0,,1,26,14,20,19,0,22,29,2,8,0,20,1,1,1,1,1,1,1,1,1,1,1,1,100,100,100,57,85,100,100,100,100,82,100,6,,,,,,,,,,,,,,,,,,,,,,,,
,b,1,55,0,,1,26,14,20,19,0,22,29,2,8,0,20,1,1,1,1,1,1,1,1,1,1,1,1,100,100,100,57,85,100,100,100,100,82,100,6,,,,,,,,,,,,,,,,,,,,,,,,
,b,1,56,0,,1,26,14,20,19,0,22,29,2,8,0,20,1,1,1,1,1,1,1,1,1,1,1,1,100,100,100,57,85,100,100,100,100,82,100,7,,,,,,,,,,,,,,,,,,,,,,,,
,b,1,57,0,,1,26,14,20,19,0,22,29,2,8,0,20,1,1,1,1,1,1,1,1,1,1,1,1,100,100,100,57,86,100,100,100,100,85,100,7,,,,,,,,,,,,,,,,,,,,,,,,
,b,1,57,0,,1,26,14,20,19,0,22,29,2,8,0,20,1,1,1,1,1,1,1,1,1,1,1,1,100,100,100,59,86,100,100,100,100,87,100,9,,,,,,,,,,,,,,,,,,,,,,,,
,b,1,58,0,,1,26,14,20,19,0,22,29,2,8,0,20,1,1,1,0,1,1,1,1,1,1,1,1,100,100,100,59,86,100,100,100,100,91,100,15,,,,,,,,,,,,,,,,12,,,,,,,,
,b,1,59,0,,1,26,14,20,19,0,22,29,2,8,0,20,1,1,1,0,1,1,1,1,1,1,1,1,100,100,100,60,87,100,100,100,100,91,100,15,,,,,,,,,,,,,,,,,,,,,,,,
,b,1,60,0,,1,26,14,20,19,0,22,29,2,8,0,20,1,1,1,0,1,1,1,1,1,1,1,1,0,100,100,60,87,100,100,100,100,92,100,16,1,,,,,,,,,,,,,,,,,,,,,,,
,b,1,61,0,,1,26,14,20,19,0,22,29,2,8,0,20,1,1,1,0,1,1,1,1,1,1,1,1,0,8,100,60,87,100,100,100,100,95,100,16,,1,,,,,,,,,,,,,,,,,,,,,,
,b,1,62,0,,1,26,14,20,19,0,22,29,2,8,0,20,1,1,1,0,1,1,1,1,1,1,1,1,0,8,100,60,88,100,100,0,100,95,100,16,,,,,,,,1,,,,,,,,,,,,,,,,
,b,1,62,0,,1,26,14,20,19,0,22,29,2,8,0,20,1,1,1,0,1,1,1,1,1,1,1,1,0,9,100,60,88,100,100,3,100,100,100,18,,,,,,,,,,,,,,,,,,,,,,,,
,b,1,63,0,,1,26,14,20,19,0,22,29,2,8,0,20,0,1,1,0,1,1,1,1,1,1,1,1,1,11,100,61,88,100,0,4,100,100,100,18,,,,,,,1,,,,,,10,,,,,,,,,,,
,b,1,64,0,,1,26,14,20,19,0,22,29,2,8,0,20,0,1,1,0,1,1,1,1,1,1,1,1,1,12,100,61,89,100,0,4,100,100,100,18,,,,,,,,,,,,,,,,,,,,,,,,
,b,1,65,0,,1,26,14,20,19,0,22,29,2,8,0,20,0,1,1,0,1,1,1,1,1,1,1,1,1,13,100,61,89,100,0,10,100,100,100,18,,,,,,,,,,,,,,,,,,,,,,,,
,b,1,66,0,,1,26,14,20,19,0,22,29,2,8,0,20,0,1,1,0,1,1,1,1,1,1,1,1,6,17,100,61,89,100,0,11,100,100,100,19,,,,,,,,,,,,,,,,,,,,,,,,
,b,1,67,0,,1,26,14,20,19,0,22,29,2,8,0,20,1,1,1,1,1,0,1,1,1,1,1,1,6,23,100,62,92,100,0,12,100,100,100,19,,,,,,,,,,,,,,,,,,10,,,,,,
,b,1,67,0,,1,26,14,20,19,0,22,29,2,8,0,20,1,1,1,1,1,0,1,1,1,0,1,1,6,23,100,62,93,100,1,12,100,100,100,19,,,,,,,,,,,,,,,,,,,,,,5,,
,b,1,68,0,,1,26,14,20,19,0,22,29,2,8,0,20,1,1,1,1,1,0,1,1,1,0,1,1,6,24,100,62,100,100,1,19,0,100,100,19,,,,,,,,,1,,,,,,,,,,,,,,,
,b,1,69,0,,1,26,14,20,19,0,22,29,2,8,0,20,1,1,1,1,1,0,1,1,1,0,1,1,6,24,100,62,100,100,3,22,0,100,100,19,,,,,,,,,,,,,,,,,,,,,,,,
,b,1,70,0,,1,26,14,20,19,0,22,29,2,8,0,20,1,1,1,1,1,0,1,0,1,0,1,1,11,26,100,62,100,100,4,24,0,100,100,33,,,,,,,,,,,,,,,,,,,,1,,,,
,b,1,71,0,,1,26,14,20,19,0,22,29,2,8,0,20,1,1,1,1,1,0,1,0,1,0,1,1,11,27,2,63,100,100,5,24,0,100,100,36,,,1,,,,,,,,,,,,,,,,,,,,,
,b,1,72,0,,1,26,14,20,19,0,22,29,2,8,0,20,1,1,1,1,1,0,1,0,1,0,1,1,18,27,5,63,100,100,6,24,1,100,100,44,,,,,,,,,,,,,,,,,,,,,,,,
,b,1,72,0,,1,26,14,20,19,0,22,29,2,8,0,20,1,1,1,1,1,0,1,0,1,0,1,1,26,27,7,63,100,100,6,25,1,100,100,44,,,,,,,,,,,,,,,,,,,,,,,,
,b,2,72,0,,1,26,14,20,19,0,22,29,2,8,0,20,1,1,1,1,1,0,1,0,1,0,1,0,26,28,9,63,100,100,6,25,1,100,100,44,,,,,,,,,,,,,,,,,,,,,,,,5
,b,2,72,1,,1,26,14,20,19,0,22,29,2,8,0,20,1,1,1,1,1,0,1,0,1,0,1,0,26,28,13,64,100,100,9,25,1,100,100,44,,,,,,,,,,,,,,,,,,,,,,,,
,b,2,72,2,,1,26,14,20,19,0,22,29,2,8,0,20,1,1,1,1,1,1,1,0,1,0,1,0,34,29,15,64,100,100,12,26,2,100,100,45,,,,,,,,,,,,,,,,,,,,,,,,
,b,2,72,3,,1,26,14,20,19,0,22,29,2,8,0,20,1,1,1,1,1,1,1,0,1,1,1,0,37,29,17,64,100,100,12,26,5,100,100,45,,,,,,,,,,,,,,,,,,,,,,,,
,b,2,72,3,,1,26,14,20,19,0,22,29,2,8,0,20,1,1,1,1,1,1,1,0,1,1,1,0,39,29,17,64,100,100,12,26,8,100,100,45,,,,,,,,,,,,,,,,,,,,,,,,
,b,2,72,4,,1,26,14,20,19,0,22,29,2,8,0,20,1,1,1,1,1,1,1,0,1,1,1,0,44,30,18,64,100,100,12,27,11,100,100,45,,,,,,,,,,,,,,,,,,,,,,,,
,b,2,72,5,,1,26,14,20,19,0,22,29,2,8,0,20,1,1,1,1,1,1,1,1,1,1,1,0,46,30,21,65,100,100,12,27,12,100,100,45,,,,,,,,,,,,,,,,,,,,,,,,
,b,2,72,6,,1,26,14,20,19,0,22,29,2,8,0,20,1,1,1,1,1,1,1,1,1,1,1,0,47,31,23,65,100,100,13,27,16,100,100,46,,,,,,,,,,,,,,,,,,,,,,,,
,b,2,72,7,,1,26,14,20,19,0,22,29,2,8,0,20,1,1,1,1,1,1,1,1,1,1,1,0,47,34,27,65,12,100,13,28,23,100,100,46,,,,,1,,,,,,,,,,,,,,,,,,,
,b,2,72,8,,1,26,14,20,19,0,22,29,2,8,0,20,1,1,1,1,1,1,1,1,1,1,1,0,51,35,27,65,12,100,13,28,31,100,100,46,,,,,,,,,,,,,,,,,,,,,,,,
,b,2,72,8,,1,26,14,20,19,0,22,29,2,8,0,20,1,1,1,1,1,1,1,1,0,1,1,1,51,40,29,66,13,100,13,28,36,100,100,46,,,,,,,,,,,,,,,,,,,,,2,,,
,b,2,72,9,,1,26,14,20,19,0,22,29,2,8,0,20,1,1,1,1,1,1,1,1,0,1,1,1,56,41,30,66,13,100,19,29,36,100,100,47,,,,,,,,,,,,,,,,,,,,,,,,
,b,2,72,10,,1,26,14,20,19,0,22,29,2,8,0,20,1,1,1,1,1,1,1,1,0,1,1,1,56,51,31,66,13,100,26,29,36,100,100,47,,,,,,,,,,,,,,,,,,,,,,,,
,b,2,72,11,,1,26,14,20,19,0,22,29,2,8,0,20,1,1,1,1,1,1,1,1,0,1,0,1,56,53,33,68,14,100,31,29,37,100,100,47,,,,,,,,,,,,,,,,,,,,,,,2,
,b,2,72,12,,1,26,14,20,19,0,22,29,2,8,0,20,1,1,1,1,1,1,1,1,0,1,0,1,56,55,37,72,14,100,32,30,37,100,100,47,,,,,,,,,,,,,,,,,,,,,,,,
,b,2,72,13,,1,26,14,20,19,0,22,29,2,8,0,20,1,1,1,1,1,1,1,1,0,1,0,1,58,55,40,82,14,100,33,36,37,100,100,47,,,,,,,,,,,,,,,,,,,,,,,,
,b,1,73,13,,1,26,14,20,19,0,22,29,2,8,0,20,1,1,1,1,1,1,1,1,0,1,0,1,59,56,42,83,19,100,35,37,37,100,100,48,,,,,,,,,,,,,,,,,,,,,,,,
,b,1,74,13,,1,26,14,20,19,0,22,29,2,8,0,20,1,1,1,1,1,1,1,1,0,1,0,1,60,60,42,83,20,100,41,37,38,100,100,48,,,,,,,,,,,,,,,,,,,,,,,,
,b,1,75,13,,1,26,14,20,19,0,22,29,2,8,0,20,1,1,1,1,1,1,1,1,0,1,0,1,62,60,42,83,20,100,51,37,38,100,100,48,,,,,,,,,,,,,,,,,,,,,,,,
,b,1,76,13,,1,26,14,20,19,0,22,29,2,8,0,20,1,1,1,1,1,1,1,1,0,0,0,1,64,63,43,83,20,100,52,38,38,100,100,48,,,,,,,,,,,,,,,,,,,,,,1,,
,b,1,76,13,,1,26,14,20,19,0,22,29,2,8,0,20,1,1,1,1,1,1,1,1,1,0,0,1,64,69,43,84,21,100,57,39,38,100,100,49,,,,,,,,,,,,,,,,,,,,,,,,
,b,1,77,13,,1,26,14,20,19,0,22,29,2,8,0,20,1,1,1,1,1,1,1,1,1,0,0,1,64,69,45,84,21,100,57,40,39,100,100,49,,,,,,,,,,,,,,,,,,,,,,,,
,b,1,78,13,,1,26,14,20,19,0,22,29,2,8,0,20,1,1,1,1,1,1,1,1,1,0,0,1,64,69,47,84,21,100,57,41,39,100,100,49,,,,,,,,,,,,,,,,,,,,,,,,
,b,1,79,13,,1,26,14,20,19,0,22,29,2,8,0,20,1,1,1,1,1,1,1,1,1,0,1,1,64,70,48,84,22,100,58,41,39,100,100,49,,,,,,,,,,,,,,,,,,,,,,,,
,b,1,80,13,,1,26,14,20,19,0,22,29,2,8,0,20,1,1,1,1,1,1,1,1,1,0,1,1,65,71,52,85,22,100,59,41,39,100,100,49,,,,,,,,,,,,,,,,,,,,,,,,
,b,1,81,13,,1,26,14,20,19,0,22,29,2,8,0,20,1,1,1,1,1,1,1,1,1,0,1,1,65,71,55,85,22,100,59,42,40,100,100,50,,,,,,,,,,,,,,,,,,,,,,,,
,b,1,81,13,,1,26,14,20,19,0,22,29,2,8,0,20,1,1,1,1,1,1,1,1,1,0,1,1,65,72,59,85,23,100,61,42,40,100,100,50,,,,,,,,,,,,,,,,,,,,,,,,
,b,1,82,13,,1,26,14,20,19,0,22,29,2,8,0,20,1,1,1,1,1,1,1,1,1,0,1,1,65,72,59,85,29,100,63,42,40,100,100,50,,,,,,,,,,,,,,,,,,,,,,,,
,b,1,83,13,,1,26,14,20,19,0,22,29,2,8,0,20,1,1,1,1,1,1,1,1,1,0,1,1,66,85,60,85,30,100,63,43,40,100,100,50,,,,,,,,,,,,,,,,,,,,,,,,
,b,1,84,13,,1,26,14,20,19,0,22,29,2,8,0,20,1,1,1,1,1,1,1,1,1,1,1,1,66,86,63,86,30,100,63,44,41,100,100,51,,,,,,,,,,,,,,,,,,,,,,,,
,b,1,85,13,,1,26,14,20,19,0,22,29,2,8,0,20,1,1,1,1,1,1,1,1,1,1,1,1,69,98,65,86,30,100,63,46,43,100,100,51,,,,,,,,,,,,,,,,,,,,,,,,
,b,1,86,13,,1,26,14,20,19,0,22,29,2,8,0,20,1,1,1,1,1,1,1,1,1,1,1,1,74,98,67,86,31,100,64,46,46,100,100,51,,,,,,,,,,,,,,,,,,,,,,,,
,b,1,86,13,,1,26,14,20,19,0,22,29,2,8,0,20,1,1,1,1,1,1,1,1,1,1,1,1,77,98,68,86,31,100,68,46,49,100,100,51,,,,,,,,,,,,,,,,,,,,,,,,
,b,1,87,13,,1,26,14,20,19,0,22,29,2,8,0,20,1,1,1,1,1,1,1,1,1,1,1,1,77,99,72,88,31,100,70,47,51,100,100,63,,,,,,,,,,,,,,,,,,,,,,,,
,b,1,88,13,,1,26,14,20,19,0,22,29,2,8,0,20,1,1,1,1,1,1,1,1,1,1,1,1,78,99,73,88,32,100,71,47,52,100,100,63,,,,,,,,,,,,,,,,,,,,,,,,
,b,1,89,13,,1,26,14,20,19,0,22,29,2,8,0,20,1,1,1,1,1,1,1,1,1,1,1,1,78,100,74,88,32,100,72,47,52,100,100,64,,,,,,,,,,,,,,,,,,,,,,,,
,b,1,90,13,,1,26,14,20,19,0,22,29,2,8,0,20,1,1,1,1,1,1,1,1,1,1,1,1,78,100,77,89,32,100,72,48,53,100,100,64,,,,,,,,,,,,,,,,,,,,,,,,
,b,1,91,13,,1,26,14,20,19,0,22,29,2,8,0,20,1,1,1,1,1,1,1,1,1,1,1,1,78,100,78,89,33,100,72,48,54,100,100,64,,,,,,,,,,,,,,,,,,,,,,,,
,b,1,91,13,,1,26,14,20,19,0,22,29,2,8,0,20,1,1,1,1,1,1,1,1,1,1,1,1,79,100,79,89,38,100,73,48,59,100,100,64,,,,,,,,,,,,,,,,,,,,,,,,
,b,1,92,13,,1,26,14,20,19,0,22,29,2,8,0,20,1,1,1,1,1,1,1,1,1,1,1,1,81,100,79,91,38,100,76,57,65,100,100,65,,,,,,,,,,,,,,,,,,,,,,,,
,b,1,93,13,,1,26,14,20,19,0,22,29,2,8,0,20,1,1,1,1,1,1,0,1,1,1,1,1,85,100,81,97,38,100,76,58,70,100,100,68,,,,,,,,,,,,,,,,,,,4,,,,,
,b,1,94,13,,1,26,14,20,19,0,22,29,2,8,0,20,1,1,1,1,1,1,0,1,1,1,1,1,86,100,84,97,39,100,76,59,71,100,100,72,,,,,,,,,,,,,,,,,,,,,,,,
,b,1,95,13,,1,26,14,20,19,0,22,29,2,8,0,20,1,1,1,1,1,1,0,1,1,1,1,1,89,100,86,97,39,100,77,59,72,100,100,72,,,,,,,,,,,,,,,,,,,,,,,,
,b,1,96,13,,1,26,14,20,19,0,22,29,2,8,0,20,1,1,1,1,1,1,0,1,1,1,1,1,93,4,87,98,74,100,77,61,74,100,100,72,,1,,,,,,,,,,,,,,,,,,,,,,
,b,1,96,13,,1,26,14,20,19,0,22,29,2,8,0,20,1,1,1,1,1,1,0,1,1,1,1,1,94,8,88,98,78,100,77,62,75,100,100,77,,,,,,,,,,,,,,,,,,,,,,,,
,b,1,97,13,,1,26,14,20,19,0,22,29,2,8,0,20,1,1,1,1,1,1,0,1,1,1,1,1,94,8,88,99,83,100,77,62,75,100,100,86,,,,,,,,,,,,,,,,,,,,,,,,
,b,1,98,13,,1,26,14,20,19,0,22,29,2,8,0,20,1,1,1,1,1,1,0,1,1,1,1,1,95,8,89,100,94,100,77,62,75,100,100,87,,,,,,,,,,,,,,,,,,,,,,,,
,b,1,99,13,,1,26,14,20,19,0,22,29,2,8,0,20,0,1,1,1,1,1,0,1,1,1,1,0,96,9,91,100,94,100,78,63,75,100,100,87,,,,,,,,,,,,,,,,,,,,,,,,4
,b,1,99,13,,1,26,14,20,19,0,22,29,2,8,0,20,0,1,1,1,1,1,0,1,1,1,1,0,96,10,91,100,95,100,78,63,76,100,100,87,,,,,,,,,,,,,,,,,,,,,,,,
,b,1,99,13,,1,26,14,20,19,0,22,29,2,8,0,20,0,1,1,1,1,1,0,1,1,1,1,0,96,18,91,100,95,100,78,67,78,0,100,87,,,,,,,,,,1,,,,,,,,,,,,,,
,b,1,99,13,,1,26,14,20,19,0,22,29,2,8,0,20,0,1,1,1,1,1,1,1,1,1,1,0,96,19,92,100,95,100,78,68,81,11,0,87,,,,,,,,,,,1,,,,,,,,,,,,,
,b,1,99,13,,1,26,14,20,19,0,22,29,2,8,0,20,0,1,0,1,1,1,1,1,1,1,1,0,97,20,92,100,100,0,79,69,81,12,0,88,,,,,,1,,,,,,,,,10,,,,,,,,,
,b,1,99,13,,1,26,14,20,19,0,22,29,2,8,0,20,0,1,0,1,1,1,1,1,1,1,1,0,97,21,92,100,100,0,79,69,82,12,0,88,,,,,,,,,,,,,,,,,,,,,,,,
,b,1,99,13,,1,26,14,20,19,0,22,29,2,8,0,20,0,1,0,1,1,1,1,1,1,1,1,0,97,21,92,100,100,5,79,69,83,12,0,88,,,,,,,,,,,,,,,,,,,,,,,,
,b,1,99,13,,1,26,14,20,19,0,22,29,2,8,0,20,0,1,0,1,1,1,1,1,1,1,1,0,97,30,93,100,100,7,79,73,83,14,2,88,,,,,,,,,,,,,,,,,,,,,,,,
,b,1,99,13,,1,26,14,20,19,0,22,29,2,8,0,20,0,1,0,1,1,1,1,1,0,1,1,0,97,31,93,100,100,7,79,76,83,15,3,89,,,,,,,,,,,,,,,,,,,,,2,,,
,b,1,99,13,,1,26,14,20,19,0,22,29,2,8,0,20,0,1,0,1,1,0,1,1,0,1,1,0,98,36,93,100,100,7,80,77,83,15,3,89,,,,,,,,,,,,,,,,,,8,,,,,,
,b,1,99,13,,1,26,14,20,19,0,22,29,2,8,0,20,0,1,0,1,1,0,1,1,0,1,1,1,98,36,94,100,100,8,80,77,84,26,3,89,,,,,,,,,,,,,,,,,,,,,,,,
,b,1,99,13,,1,26,14,20,19,0,22,29,2,8,0,20,0,1,0,1,1,0,1,1,0,1,0,1,98,37,94,100,100,8,80,78,84,31,3,89,,,,,,,,,,,,,,,,,,,,,,,2,
,b,1,99,13,,1,26,14,20,19,0,22,29,2,8,0,20,0,1,0,1,1,0,1,1,0,1,0,1,98,37,94,100,100,8,80,78,84,37,4,89,,,,,,,,,,,,,,,,,,,,,,,,
,b,1,99,13,,1,26,14,20,19,0,22,29,2,8,0,20,1,1,0,1,1,0,1,1,0,1,0,1,99,41,94,0,100,8,80,78,84,37,4,90,,,,1,,,,,,,,,,,,,,,,,,,,
,b,1,99,13,,1,26,14,20,19,0,22,29,2,8,0,20,1,1,0,1,1,0,1,1,0,0,0,1,99,42,95,0,100,9,81,82,85,37,4,90,,,,,,,,,,,,,,,,,,,,,,5,,
,b,1,99,13,,1,26,14,20,19,0,22,29,2,8,0,20,1,1,0,1,1,0,1,1,0,0,0,1,99,44,95,0,0,9,87,82,85,38,4,90,,,,,1,,,,,,,,,,,,,,,,,,,
,b,1,99,13,,1,26,14,20,19,0,22,29,2,8,0,20,1,1,0,0,1,0,1,1,0,0,0,1,99,45,95,0,0,9,90,87,85,38,5,90,,,,,,,,,,,,,,,,8,,,,,,,,
,b,1,99,13,,1,26,14,20,19,0,22,29,2,8,0,20,1,1,1,0,1,0,1,1,0,0,0,1,99,47,95,0,0,9,91,87,85,38,5,91,,,,,,,,,,,,,,,,,,,,,,,,
,b,1,99,13,,1,26,14,20,19,0,22,29,2,8,0,20,1,1,1,0,1,0,1,1,0,0,0,1,100,58,96,1,0,10,98,87,86,38,5,91,,,,,,,,,,,,,,,,,,,,,,,,
,b,1,99,13,,1,26,14,20,19,0,22,29,2,8,0,20,1,0,1,0,1,0,1,1,0,0,0,1,100,59,96,1,1,10,100,88,86,39,5,91,,,,,,,,,,,,,,7,,,,,,,,,,
,b,1,99,13,,1,26,14,20,19,0,22,29,2,8,0,20,1,0,1,0,1,0,1,1,1,0,0,1,100,59,96,1,1,10,100,88,86,39,5,91,,,,,,,,,,,,,,,,,,,,,,,,
,b,1,99,13,,1,26,14,20,19,0,22,29,2,8,0,20,1,0,1,0,1,0,1,1,1,0,0,1,100,60,97,1,1,10,100,88,86,39,6,91,,,,,,,,,,,,,,,,,,,,,,,,
,b,1,99,13,,1,26,14,20,19,0,22,29,2,8,0,20,1,0,1,0,1,1,1,1,1,0,0,1,100,60,97,2,2,11,100,89,87,40,6,92,,,,,,,,,,,,,,,,,,,,,,,,
,b,1,99,13,,1,26,14,20,19,0,22,29,2,8,0,20,1,0,1,0,1,1,1,1,1,0,0,1,100,60,97,2,2,11,100,89,87,40,6,92,,,,,,,,,,,,,,,,,,,,,,,,
,b,1,99,13,,1,26,14,20,19,0,22,29,2,8,0,20,1,0,1,0,1,1,1,1,1,0,1,1,100,61,97,2,2,11,100,89,87,40,6,92,,,,,,,,,,,,,,,,,,,,,,,,
,b,1,99,13,,1,26,14,20,19,0,22,29,2,8,0,20,1,0,1,0,1,1,1,1,1,0,1,1,100,61,98,2,12,11,100,92,87,41,7,92,,,,,,,,,,,,,,,,,,,,,,,,
,b,1,99,13,,1,26,14,20,19,0,22,29,2,8,0,20,1,0,1,0,1,1,1,1,1,0,1,1,100,62,98,2,13,12,100,93,88,0,7,93,,,,,,,,,,,,,,,,,,,,,,,,
,b,1,99,13,,1,26,14,20,19,0,22,29,2,26,11,20,1,0,1,0,1,1,1,1,1,1,1,1,100,62,98,3,13,12,0,99,88,0,0,93,,,,,,,1,,,1,,,,,,,,,,,,,,
,b,1,99,13,,1,26,14,20,19,0,22,29,2,26,11,20,1,0,1,0,0,1,1,1,1,1,1,1,100,62,100,3,13,12,4,100,88,0,0,93,,,,,,,,,,,,,,,,,7,,,,,,,
,b,1,99,13,,1,26,14,29,19,0,22,29,2,26,11,20,1,0,1,1,0,1,1,1,1,1,1,1,100,63,100,0,14,12,4,100,88,1,0,93,,,,,,,,,,,,,,,,,,,,,,,,
,b,1,99,13,,1,26,14,29,19,0,22,29,2,26,11,20,1,0,1,1,0,1,1,1,1,1,1,1,100,63,100,0,14,12,4,100,89,1,0,94,,,,,,,,,,,,,,,,,,,,,,,,
,b,1,99,13,,1,26,14,29,19,0,22,29,2,26,11,20,1,0,1,1,0,1,1,1,1,1,1,1,100,64,100,0,14,13,6,100,89,1,0,94,,,,,,,,,,,,,,,,,,,,,,,,
,b,1,99,13,,1,26,14,29,19,0,22,29,2,26,11,20,1,1,1,1,0,1,1,1,1,1,1,1,100,64,100,0,15,13,8,100,89,2,0,95,,,,,,,,,,,,,,,,,,,,,,,,
,b,1,99,13,,1,26,14,29,19,0,22,29,2,26,11,20,1,1,1,1,0,1,1,1,1,1,1,1,100,64,100,1,15,13,8,100,89,2,1,95,,,,,,,,,,,,,,,,,,,,,,,,
,b,1,99,13,,1,26,14,29,19,0,22,29,2,26,11,20,1,1,1,1,0,1,1,1,1,1,1,1,100,65,100,2,15,13,8,100,94,3,1,95,,,,,,,,,,,,,,,,,,,,,,,,
,b,1,99,13,,1,26,14,29,19,0,22,29,2,26,11,20,1,1,1,1,0,1,1,1,1,1,1,1,100,65,100,2,16,15,10,100,95,3,1,96,,,,,,,,,,,,,,,,,,,,,,,,
,b,1,99,13,,1,26,14,29,19,0,22,29,2,26,11,20,1,1,1,1,0,1,1,1,1,1,1,1,100,66,100,3,16,16,15,100,97,3,1,97,,,,,,,,,,,,,,,,,,,,,,,,
,b,1,99,13,,1,26,14,29,19,0,22,29,2,26,11,20,1,1,0,1,0,1,1,1,1,1,1,1,100,66,100,3,16,19,22,100,100,4,2,98,,,,,,,,,,,,,,,12,,,,,,,,,
,b,2,99,13,,1,26,14,29,19,0,22,29,2,26,11,20,1,1,0,1,0,1,1,1,1,1,1,1,100,66,100,3,17,19,24,100,100,4,3,100,,,,,,,,,,,,,,,,,,,,,,,,
,b,2,99,14,,1,26,14,29,19,0,22,29,2,26,11,20,1,1,0,1,0,1,1,1,1,1,1,1,100,67,100,4,17,19,26,100,100,5,5,100,,,,,,,,,,,,,,,,,,,,,,,,
,b,2,99,15,,1,26,14,29,19,0,22,29,2,26,11,20,1,1,0,1,0,1,1,1,1,1,1,1,100,67,100,4,17,20,27,100,100,5,6,100,,,,,,,,,,,,,,,,,,,,,,,,
,b,2,99,16,,1,26,14,29,19,0,22,29,2,26,11,20,1,1,0,1,1,1,1,1,1,1,1,1,100,67,100,4,18,20,27,100,100,6,7,100,,,,,,,,,,,,,,,,,,,,,,,,
,b,2,99,17,,1,26,14,29,19,0,22,29,2,26,11,20,1,1,0,1,1,1,1,1,1,1,1,1,100,68,100,5,18,20,27,100,100,6,8,100,,,,,,,,,,,,,,,,,,,,,,,,
,b,2,99,17,,1,26,14,29,19,0,22,29,2,26,11,20,1,1,0,1,1,1,1,1,1,1,1,1,100,68,100,5,18,20,28,100,100,7,8,100,,,,,,,,,,,,,,,,,,,,,,,,
,b,2,99,18,,1,26,14,29,19,0,22,29,2,26,11,20,1,1,0,1,1,1,1,1,1,1,1,1,100,69,100,5,19,21,29,100,100,7,9,100,,,,,,,,,,,,,,,,,,,,,,,,
,b,2,99,19,,1,26,14,29,19,0,22,29,2,26,11,20,1,1,0,1,1,1,1,1,1,1,1,1,100,69,100,6,19,21,29,100,100,7,9,100,,,,,,,,,,,,,,,,,,,,,,,,
,b,2,99,20,,1,26,14,29,19,0,22,29,2,26,11,20,1,1,0,1,1,1,1,1,1,1,1,1,100,70,100,6,19,21,29,100,100,11,10,100,,,,,,,,,,,,,,,,,,,,,,,,
,b,2,99,21,,1,26,14,29,19,0,22,29,2,26,11,20,1,1,0,1,1,1,1,1,1,1,1,1,100,70,100,6,20,21,29,100,100,11,10,100,,,,,,,,,,,,,,,,,,,,,,,,
,b,2,99,22,,1,26,14,29,19,0,22,29,2,26,11,20,1,1,0,1,1,1,1,1,1,1,1,1,100,70,100,7,20,22,30,100,100,11,11,100,,,,,,,,,,,,,,,,,,,,,,,,
,b,2,99,22,,1,26,14,29,19,0,22,29,2,26,11,20,1,1,0,1,1,1,1,1,1,1,1,1,100,71,100,7,20,22,30,100,100,12,11,100,,,,,,,,,,,,,,,,,,,,,,,,
,b,2,99,23,,1,26,14,29,19,0,22,29,2,26,11,20,1,1,1,1,1,1,1,1,1,1,1,1,100,71,100,7,21,23,30,100,100,13,11,100,,,,,,,,,,,,,,,,,,,,,,,,
,b,2,99,24,,1,26,14,29,19,0,22,29,2,26,11,20,1,1,1,1,1,1,1,1,1,1,1,1,100,72,100,10,21,24,30,100,100,13,12,100,,,,,,,,,,,,,,,,,,,,,,,,
,b,2,99,25,,1,26,14,29,19,0,22,29,2,26,11,20,1,1,1,1,1,1,1,1,1,1,1,1,100,73,100,10,21,24,31,100,100,13,12,100,,,,,,,,,,,,,,,,,,,,,,,,
,b,2,99,26,,1,26,14,29,19,0,22,29,2,26,11,20,1,1,1,1,1,1,1,1,1,1,1,1,100,75,100,11,22,24,31,100,100,14,12,100,,,,,,,,,,,,,,,,,,,,,,,,
,b,2,99,27,,1,26,14,29,19,0,22,29,2,26,11,20,1,1,1,1,1,1,1,1,1,1,1,1,100,76,100,11,22,27,31,100,100,14,12,100,,,,,,,,,,,,,,,,,,,,,,,,
,b,2,99,27,,1,26,14,29,19,0,22,29,2,26,11,20,1,1,1,1,1,1,1,1,1,1,1,1,100,77,100,11,22,28,31,100,100,15,13,100,,,,,,,,,,,,,,,,,,,,,,,,
,b,2,99,28,,1,26,14,29,19,0,22,29,2,26,11,20,1,1,1,1,1,1,1,1,1,1,1,1,100,78,100,12,23,28,31,100,100,15,13,100,,,,,,,,,,,,,,,,,,,,,,,,
,b,2,99,29,,1,26,14,29,19,0,22,29,2,26,11,20,1,1,1,1,1,1,1,1,1,1,1,1,100,78,100,12,23,29,32,100,100,15,13,100,,,,,,,,,,,,,,,,,,,,,,,,
,b,2,99,30,,1,26,14,29,19,0,22,29,2,26,11,20,1,1,1,1,1,1,1,1,1,1,1,1,100,79,100,12,23,29,32,100,100,16,13,100,,,,,,,,,,,,,,,,,,,,,,,,
,b,2,99,31,,1,26,14,29,19,0,22,29,2,26,11,20,1,1,1,1,1,1,1,1,1,1,1,1,100,79,100,12,24,29,32,100,100,17,13,100,,,,,,,,,,,,,,,,,,,,,,,,
,b,2,99,32,,1,26,14,29,19,0,22,29,2,26,11,20,1,1,1,1,1,1,1,1,1,1,1,1,100,79,100,13,24,29,32,100,100,18,13,100,,,,,,,,,,,,,,,,,,,,,,,,
,b,2,99,32,,1,26,14,29,19,0,22,29,2,26,11,20,1,1,1,1,1,1,1,1,1,1,1,1,100,80,100,13,24,30,32,100,100,20,14,100,,,,,,,,,,,,,,,,,,,,,,,,
,b,2,99,33,,1,26,14,29,19,0,22,29,2,26,11,20,1,1,1,1,1,1,1,1,1,0,1,1,100,82,100,13,25,30,33,100,100,20,17,100,,,,,,,,,,,,,,,,,,,,,,1,,
,b,2,99,34,,1,26,14,29,19,0,22,29,2,26,11,20,1,1,1,1,1,1,1,1,1,0,1,1,100,91,100,14,25,30,39,100,100,21,17,100,,,,,,,,,,,,,,,,,,,,,,,,
,b,2,99,35,,1,26,14,29,19,0,22,29,2,26,11,20,1,1,1,1,1,1,1,1,1,0,1,1,100,92,100,14,25,35,40,100,100,21,17,100,,,,,,,,,,,,,,,,,,,,,,,,
,b,2,99,36,,1,26,14,29,19,0,22,29,2,26,11,20,1,1,1,1,1,1,1,1,1,0,1,1,100,92,100,14,25,36,40,4,100,21,17,100,,,,,,,,1,,,,,,,,,,,,,,,,
,b,2,99,37,,1,26,14,29,19,0,22,29,2,26,11,20,1,1,1,1,1,1,1,1,1,0,1,1,100,93,100,15,26,36,41,5,100,21,17,100,,,,,,,,,,,,,,,,,,,,,,,,
,b,2,99,37,,1,26,14,29,19,0,22,29,2,26,11,20,1,1,1,1,1,0,1,1,1,0,1,1,100,93,100,19,26,36,43,6,100,22,17,100,,,,,,,,,,,,,,,,,,8,,,,,,
,b,2,99,38,,1,26,14,29,19,0,22,29,2,26,11,20,1,1,1,1,1,0,1,1,1,0,1,1,100,93,100,22,26,36,48,6,100,22,18,100,,,,,,,,,,,,,,,,,,,,,,,,
,b,2,99,39,,1,26,14,29,19,0,22,29,2,26,11,20,1,1,1,1,1,0,1,1,1,0,1,1,100,94,100,22,27,37,51,6,100,23,20,100,,,,,,,,,,,,,,,,,,,,,,,,
,b,2,99,40,,1,26,14,29,19,0,22,29,2,26,11,20,1,1,1,0,1,0,1,1,1,0,1,1,100,94,100,26,27,41.5,52,7,100,23,24,100,,,,,,,,,,,,,,,,7,,,,,,,,
,b,2,99,41,,1,26,14,29,19,0,22,29,2,26,11,20,1,1,1,0,1,1,1,1,1,0,1,1,100,95,100,26,34,41.5,53,7,100,24,25,100,,,,,,,,,,,,,,,,,,,,,,,,
,b,2,99,42,,1,26,14,29,19,0,22,29,2,26,11,20,1,1,1,0,1,1,1,1,1,1,1,1,100,95,100,26,39,41.5,53,7,100,24,26,100,,,,,,,,,,,,,,,,,,,,,,,,
,b,2,99,42,,1,26,14,29,19,0,22,29,2,26,11,20,1,1,1,0,1,1,1,1,1,1,1,1,100,96,100,27,39,41.5,58,8,100,25,27,100,,,,,,,,,,,,,,,,,,,,,,,,
,b,2,99,43,,1,26,14,29,19,0,22,29,2,26,11,20,1,1,1,0,1,1,1,1,1,1,1,1,100,100,100,27,40,41.5,58,12,100,25,29,100,,,,,,,,,,,,,,,,,,,,,,,,
,b,2,99,44,,1,26,14,29,19,0,22,29,2,26,11,20,1,0,1,0,1,1,1,1,1,1,1,1,100,100,100,27,40,46,59,14,100,25,32,100,,,,,,,,,,,,,,8,,,,,,,,,,
,b,2,99,45,,1,26,14,29,19,0,22,29,2,26,11,20,1,0,1,0,1,1,1,1,1,1,1,1,100,100,100,28,40,48,59,14,100,25,34,100,,,,,,,,,,,,,,,,,,,,,,,,
,b,2,99,46,,1,26,14,29,19,0,22,29,2,26,11,20,1,0,1,0,1,1,1,1,1,1,1,1,100,100,100,28,41,48,59,17,100,26,35,100,,,,,,,,,,,,,,,,,,,,,,,,
,b,2,99,47,,1,26,14,29,19,0,22,29,2,26,11,20,1,0,1,0,1,1,1,1,1,1,1,1,100,100,100,28,46,49,59,18,100,27,38,100,,,,,,,,,,,,,,,,,,,,,,,,
,b,2,99,47,,1,26,14,29,19,0,22,29,2,26,11,20,1,0,1,0,1,1,1,1,1,1,1,1,100,100,100,29,53,57,61,19,100,27,40,100,,,,,,,,,,,,,,,,,,,,,,,,
,b,2,99,48,,1,26,14,29,19,0,22,29,2,26,11,20,1,0,1,1,1,1,1,1,1,1,1,1,5,100,100,29,64,59,62,20,100,27,41,100,1,,,,,,,,,,,,,,,,,,,,,,,
,b,2,99,49,,1,26,14,29,19,0,22,29,2,26,11,20,0,0,1,1,1,1,1,1,1,1,1,1,6,100,100,29,65,59,62,21,100,28,42,100,,,,,,,,,,,,,8,,,,,,,,,,,
,b,2,99,50,,1,26,14,29,19,0,22,29,2,26,11,20,0,0,1,1,1,1,1,1,1,1,1,1,6,100,0,30,65,59,63,21,2,28,44,100,,,1,,,,,,1,,,,,,,,,,,,,,,
,b,2,99,51,,1,26,14,29,19,0,22,29,2,26,11,20,0,0,1,1,1,1,1,1,1,1,1,1,6,100,0,30,66,63,63,22,5,30,45,100,,,,,,,,,,,,,,,,,,,,,,,,
,b,2,99,52,,1,26,14,29,19,0,22,29,2,26,11,20,0,0,0,1,1,1,1,1,1,1,0,1,7,100,0,30,66,67,66,24,7,33,45,100,,,,,,,,,,,,,,,7,,,,,,,,5,
,b,2,99,52,,1,26,14,29,19,0,22,29,2,26,11,20,0,1,0,1,1,1,1,1,1,1,0,1,7,100,0,31,66,67,67,24,10,33,46,100,,,,,,,,,,,,,,,,,,,,,,,,
,b,2,99,53,,1,26,14,29,19,0,22,29,2,26,11,20,0,1,0,1,1,1,1,1,1,1,0,1,7,100,1,31,67,67,67,24,13,38,46,100,,,,,,,,,,,,,,,,,,,,,,,,
,b,2,99,54,,1,26,14,29,19,0,22,29,2,26,11,20,0,1,0,1,1,1,1,1,1,1,0,1,7,100,1,31,67,67,67,25,17,40,46,0,,,,,,,,,,,,1,,,,,,,,,,,,
,b,2,99,55,,1,26,14,29,19,0,22,29,2,26,11,20,0,1,0,1,1,1,1,1,1,1,0,1,7,100,1,36,67,67,74,25,22,43,46,5,,,,,,,,,,,,,,,,,,,,,,,,
,b,2,99,56,,1,26,14,29,19,0,22,29,2,26,11,20,0,1,0,1,1,1,1,1,1,1,0,1,8,100,1,40,68,68,81,36,23,43,46,12,,,,,,,,,,,,,,,,,,,,,,,,
,b,2,99,57,,1,26,14,29,19,0,22,29,2,26,11,20,0,1,0,1,1,1,1,1,1,1,0,1,8,100,2,44,68,68,81,37,23,43,46,12,,,,,,,,,,,,,,,,,,,,,,,,
,b,2,99,57,,1,26,14,29,19,0,22,29,2,26,11,20,1,1,0,1,1,0,1,1,1,1,0,1,0,100,2,46,68,68,84,37,24,44,47,12,,,,,,,,,,,,,,,,,,7,,,,,,
,b,2,99,58,,12,26,14,29,19,0,22,29,2,26,11,20,1,1,0,1,1,0,1,1,1,1,0,1,0,100,2,46,69,69,84,37,26,44,47,18,,,,,,,,,,,,,,,,,,,,,,,,
,b,2,99,59,,12,26,14,29,19,0,22,29,2,26,11,20,1,1,0,1,1,0,1,1,1,1,1,1,0,100,3,46,69,69,84,42,31,45,47,21,,,,,,,,,,,,,,,,,,,,,,,,
,b,2,99,60,,12,26,14,29,19,0,22,29,2,26,11,20,1,1,1,0,1,0,1,1,1,1,1,1,0,100,3,47,69,69,85,43,32,45,47,21,,,,,,,,,,,,,,,,8,,,,,,,,
,b,2,99,61,,12,26,14,29,19,0,22,29,2,26,11,20,1,1,1,0,1,0,1,1,1,1,1,1,1,100,3,47,70,69,87,43,32,46,47,21,,,,,,,,,,,,,,,,,,,,,,,,
,b,2,99,62,,12,26,14,29,19,0,22,29,2,26,11,20,1,1,1,0,1,0,1,1,1,1,1,1,1,100,3,47,70,70,87,43,35,46,47,21,,,,,,,,,,,,,,,,,,,,,,,,
,b,2,99,62,,12,26,14,29,19,0,22,29,2,26,11,20,1,1,1,0,1,0,1,1,1,1,1,1,1,100,4,48,70,70,87,44,37,47,48,21,,,,,,,,,,,,,,,,,,,,,,,,
,b,2,99,63,,12,26,14,29,19,0,22,29,2,26,11,20,1,1,1,0,1,0,1,1,1,1,1,1,2,100,4,48,71,70,87,44,40,47,48,22,,,,,,,,,,,,,,,,,,,,,,,,
,b,2,99,64,,12,26,14,29,19,0,22,29,2,26,11,20,1,1,1,0,1,0,1,1,1,1,1,1,2,100,4,48,71,70,88,44,43,47,48,22,,,,,,,,,,,,,,,,,,,,,,,,
,b,2,99,65,,12,26,14,29,19,0,22,29,2,26,11,20,1,1,1,0,1,0,1,1,1,1,1,1,2,100,6,49,71,71,88,45,48,47,48,22,,,,,,,,,,,,,,,,,,,,,,,,
,b,2,99,66,,12,26,14,29,19,0,22,29,2,26,11,20,1,1,1,0,1,1,1,1,1,1,1,1,2,100,9,49,72,71,88,45,51,48,48,22,,,,,,,,,,,,,,,,,,,,,,,,
,b,2,99,67,,12,26,14,29,19,0,22,29,2,26,11,20,1,1,1,0,1,1,1,1,1,1,1,1,6,100,12,49,72,71,88,45,51,48,48,23,,,,,,,,,,,,,,,,,,,,,,,,
,b,2,99,67,,12,26,14,29,19,0,22,29,2,26,11,20,1,1,1,0,1,1,1,1,1,1,1,1,9,100,16,50,72,71,88,46,51,49,49,24,,,,,,,,,,,,,,,,,,,,,,,,
,b,2,99,68,,12,26,14,29,19,0,22,29,2,26,11,20,1,1,1,1,1,1,1,1,1,1,1,1,12,100,19,50,73,72,89,46,51,49,49,24,,,,,,,,,,,,,,,,,,,,,,,,
,b,2,99,69,,12,26,14,29,19,0,22,29,2,26,11,20,1,1,1,1,1,1,1,1,1,1,1,1,12,100,19,50,73,72,89,46,52,50,50,24,,,,,,,,,,,,,,,,,,,,,,,,
,b,2,99,70,,12,26,14,29,19,0,22,29,2,26,11,20,1,1,1,1,1,1,1,1,1,1,1,1,12,100,20,51,73,72,89,47,54,50,50,24,,,,,,,,,,,,,,,,,,,,,,,,
,b,2,99,71,,12,26,14,29,19,0,22,29,2,26,11,20,1,1,1,1,1,1,1,1,1,1,1,1,13,100,20,51,74,72,89,47,57,51,50,25,,,,,,,,,,,,,,,,,,,,,,,,
,b,2,99,72,,12,26,14,29,19,0,22,29,2,26,11,20,1,1,1,1,1,1,1,1,1,1,1,1,13,100,20,51,74,72,90,47,59,51,50,25,,,,,,,,,,,,,,,,,,,,,,,,
,b,2,99,72,,12,26,14,29,19,0,22,29,2,26,11,20,1,1,1,1,1,1,1,1,1,1,1,1,13,100,21,52,74,73,90,47,59,51,50,25,,,,,,,,,,,,,,,,,,,,,,,,
,b,2,99,73,,12,26,14,29,19,0,22,29,2,26,11,20,1,1,1,1,1,1,1,1,1,1,1,1,14,100,21,52,75,73,90,48,60,52,51,25,,,,,,,,,,,,,,,,,,,,,,,,
,b,2,99,74,,12,26,14,29,19,0,22,29,2,26,11,20,1,1,1,1,1,1,1,1,1,1,1,1,14,100,21,52,75,73,90,48,60,52,51,25,,,,,,,,,,,,,,,,,,,,,,,,
,b,2,99,75,,12,26,14,29,19,0,22,29,2,26,11,20,1,1,1,1,1,1,1,1,1,1,1,1,14,100,21,53,75,73,90,48,60,52,51,26,,,,,,,,,,,,,,,,,,,,,,,,
,b,2,99,76,,12,26,14,29,19,0,22,29,2,26,11,20,1,1,1,1,1,1,1,1,1,1,1,1,15,100,22,55,76,74,91,49,60,53,53,26,,,,,,,,,,,,,,,,,,,,,,,,
,b,2,99,77,,12,26,14,29,19,0,22,29,2,26,11,20,1,1,1,1,1,1,1,1,1,1,1,1,19,100,23,56,76,77,94,49,61,53,54,26,,,,,,,,,,,,,,,,,,,,,,,,
,b,2,99,77,,12,26,14,29,19,0,22,29,2,26,11,20,1,1,1,1,1,1,1,1,1,1,1,1,19,100,23,56,76,77,95,49,61,60,54,26,,,,,,,,,,,,,,,,,,,,,,,,
,b,2,99,78,,12,26,14,29,19,0,22,29,2,26,11,20,1,1,1,1,1,1,1,1,1,1,1,1,20,100,24,57,77,77,95,50,61,66,54,27,,,,,,,,,,,,,,,,,,,,,,,,
,b,2,99,79,,12,26,14,29,19,0,22,29,2,26,11,20,1,1,1,1,1,1,1,1,1,1,1,1,20,100,29,57,77,78,95,50,64,67,57,27,,,,,,,,,,,,,,,,,,,,,,,,
,b,2,99,80,,12,26,14,29,19,0,22,29,2,26,11,20,1,1,1,1,1,1,1,1,1,1,1,1,20,100,34,57,77,81,95,50,65,68,57,27,,,,,,,,,,,,,,,,,,,,,,,,
,b,2,99,81,,12,26,14,29,19,0,22,29,2,26,11,20,1,1,1,1,1,1,1,1,1,1,1,1,21,100,37,58,78,81,98,56,65,68,57,27,,,,,,,,,,,,,,,,,,,,,,,,
,b,2,99,82,,12,26,14,29,19,0,22,29,2,26,11,20,1,1,1,1,1,1,1,1,1,1,1,1,21,100,40,58,78,81,98,59,65,71,58,31,,,,,,,,,,,,,,,,,,,,,,,,
,b,2,99,82,,12,26,14,29,19,0,22,29,2,26,11,20,1,1,1,1,1,1,1,1,1,1,1,1,21,100,44,62,78,82,98,59,69,72,60,31,,,,,,,,,,,,,,,,,,,,,,,,
,b,2,99,83,,12,26,14,29,19,0,22,29,2,26,11,20,1,1,1,1,1,1,1,1,1,1,1,1,22,100,44,62,78,84,100,60,69,72,60,39,,,,,,,,,,,,,,,,,,,,,,,,
,b,2,99,84,,12,26,14,29,19,0,22,29,2,26,11,20,1,1,1,1,1,1,1,1,1,1,1,1,29,100,46,66,79,89,100,60,70,73,60,39,,,,,,,,,,,,,,,,,,,,,,,,
,b,2,99,85,,12,26,14,29,19,0,22,29,2,26,11,20,1,1,1,1,1,1,1,1,1,1,1,1,33,100,49,67,82,92,100,60,71,73,60,43,,,,,,,,,,,,,,,,,,,,,,,,
,b,2,99,86,,12,26,14,29,19,0,22,29,2,26,11,20,1,1,1,1,1,1,1,1,1,1,1,1,33,100,51,67,84,96,100,61,73,73,61,53,,,,,,,,,,,,,,,,,,,,,,,,
,b,2,99,87,,12,26,14,29,19,0,22,29,2,26,11,20,1,1,1,1,1,1,1,1,1,1,1,1,33,100,52,67,85,98,100,63,75,73,62,53,,,,,,,,,,,,,,,,,,,,,,,,
,b,2,99,87,,12,26,14,29,19,0,22,29,2,26,11,20,1,1,1,1,1,1,1,1,1,1,1,1,34,100,53,69,85,100,100,63,76,74,63,56,,,,,,,,,,,,,,,,,,,,,,,,
,b,2,99,88,,12,26,14,29,19,0,22,29,2,26,11,20,1,1,1,1,1,1,1,1,1,1,1,1,34,100,54,70,85,100,100,63,78,74,64,56,,,,,,,,,,,,,,,,,,,,,,,,
,b,2,99,89,,12,26,14,29,19,0,22,29,2,26,11,20,1,1,1,1,1,1,1,1,1,1,1,1,34,100,56,70,86,100,100,64,81,75,65,56,,,,,,,,,,,,,,,,,,,,,,,,
,b,2,99,90,,12,26,14,29,19,0,22,29,2,26,11,20,1,1,1,1,1,1,1,1,1,1,1,1,35,100,56,70,86,100,100,71,83,75,65,56,,,,,,,,,,,,,,,,,,,,,,,,
,b,2,99,91,,12,26,14,29,19,0,22,29,2,26,11,20,1,1,1,1,1,1,1,1,1,1,1,1,35,0,60,71,96,100,100,71,84,76,65,57,,1,,,,,,,,,,,,,,,,,,,,,,
,b,2,99,92,,12,26,14,29,19,0,22,29,2,26,11,20,1,1,1,1,1,1,1,1,1,1,1,1,35,0,62,72,96,100,100,73,86,77,66,57,,,,,,,,,,,,,,,,,,,,,,,,
,b,2,99,92,,12,26,14,29,19,0,22,29,2,26,11,20,1,1,1,1,1,1,1,1,1,1,1,1,39,2,65,72,97,100,100,74,89,84,67,57,,,,,,,,,,,,,,,,,,,,,,,,
,b,2,99,93,,12,26,14,29,19,0,22,29,2,26,11,20,1,1,1,1,1,1,1,1,1,1,1,1,44,2,66,75,97,100,100,74,89,84,67,57,,,,,,,,,,,,,,,,,,,,,,,,
,b,2,99,94,,12,26,14,29,19,0,22,29,2,26,11,20,1,1,1,1,1,1,1,1,1,1,1,1,52,2,66,75,97,100,100,74,89,93,68,57,,,,,,,,,,,,,,,,,,,,,,,,
,b,2,99,95,,12,26,14,29,19,0,22,29,2,26,11,20,1,1,1,1,1,1,1,1,1,1,1,1,54,3,68,75,98,0,2,78,90,93,68,58,,,,,,1,1,,,,,,,,,,,,,,,,,
,b,2,99,96,,12,26,14,29,19,0,22,29,2,26,11,20,1,1,1,0,1,1,1,1,1,1,1,1,55,3,71,76,98,0,2,82,90,93,69,70,,,,,,,,,,,,,,,,7,,,,,,,,
,b,2,99,97,,12,26,14,29,19,0,22,29,2,26,11,20,1,1,1,0,1,1,1,1,1,1,1,1,55,4,73,76,98,0,3,83,90,99,72,73,,,,,,,,,,,,,,,,,,,,,,,,
,b,2,99,97,,12,26,14,29,19,0,22,29,2,26,11,20,1,1,1,0,1,0,1,1,1,1,1,1,55,4,74,76,99,4,5,83,90,100,74,73,,,,,,,,,,,,,,,,,,7,,,,,,
,b,2,99,98,,12,26,14,29,19,0,22,29,2,26,11,20,1,1,1,0,1,0,1,1,1,1,1,1,56,8,74,77,100,5,7,84,94,100,75,74,,,,,,,,,,,,,,,,,,,,,,,,
,b,2,99,99,,12,26,14,29,19,0,22,29,2,26,11,20,1,1,1,0,1,0,1,1,1,1,1,1,56,9,79,77,100,5,9,84,95,100,75,74,,,,,,,,,,,,,,,,,,,,,,,,
,b,2,99,99,,12,26,14,29,19,0,22,29,2,26,11,20,1,1,1,0,1,0,1,1,1,1,1,1,56,11,84,77,100,5,9,88,96,100,75,74,,,,,,,,,,,,,,,,,,,,,,,,
,b,2,99,99,,12,26,14,29,19,0,22,29,2,26,11,20,1,1,1,0,1,0,1,1,1,1,1,1,57,16,87,78,100,5,12,91,99,7,76,74,,,,,,,,,,1,,,,,,,,,,,,,,
,b,2,99,99,,12,26,14,29,19,0,22,29,2,26,11,20,1,1,1,0,0,0,1,1,1,1,1,1,62,17,90,78,100,5,14,96,100,11,76,74,,,,,,,,,,,,,,,,,10,,,,,,,
,b,2,99,99,,12,26,14,29,19,0,22,29,2,26,11,20,1,1,1,0,0,0,1,1,1,1,1,1,66,17,93,78,100,6,14,97,100,12,77,75,,,,,,,,,,,,,,,,,,,,,,,,
,b,2,99,99,,12,26,14,29,19,0,22,29,2,26,11,20,1,1,1,1,0,0,1,1,1,1,1,1,71,17,97,79,100,6,14,97,100,12,77,75,,,,,,,,,,,,,,,,,,,,,,,,
,b,2,99,99,,12,26,14,29,19,0,22,29,2,26,11,20,1,1,1,1,0,0,1,1,1,1,1,1,73,30,100,79,100,6,16,98,100,13,78,75,,,,,,,,,,,,,,,,,,,,,,,,
,b,2,99,99,,12,26,14,29,19,0,22,29,2,26,11,20,1,1,1,1,0,0,1,1,1,1,1,1,75,33,100,79,100,6,17,98,100,22,78,75,,,,,,,,,,,,,,,,,,,,,,,,
,b,2,99,99,,12,26,14,29,19,15,22,29,2,26,11,20,1,1,1,1,0,1,1,1,1,1,1,1,76,35,100,80,100,0,18,98,100,22,78,76,,,,,,,,,,,,,,,,,,,,,,,,
,b,2,99,99,,12,26,14,29,19,15,22,29,2,26,11,20,1,1,1,1,1,1,0,1,1,1,1,1,76,36,100,80,100,0,18,100,100,24,79,76,,,,,,,,,,,,,,,,,,,2,,,,,
,b,2,99,99,,12,26,14,29,19,15,22,29,2,26,11,20,0,1,1,1,1,1,0,1,1,1,1,1,76,36,100,80,100,0,18,100,100,25,80,76,,,,,,,,,,,,,10,,,,,,,,,,,
,b,2,99,99,,12,26,14,29,19,15,22,29,2,26,11,20,0,1,1,1,1,1,0,1,1,1,1,1,76,43,100,81,100,0,18,100,100,25,81,76,,,,,,,,,,,,,,,,,,,,,,,,
,b,2,99,99,,12,26,14,29,19,15,22,29,2,26,11,20,0,1,1,1,1,1,0,1,1,1,1,1,77,45,100,81,100,0,19,0,100,32,84,82,,,,,,,,1,,,,,,,,,,,,,,,,
,b,2,99,99,,12,26,14,29,19,15,22,29,2,26,11,20,0,1,1,1,1,1,0,1,1,1,1,1,77,46,100,81,100,1,19,0,100,33,86,83,,,,,,,,,,,,,,,,,,,,,,,,
,b,2,99,99,,12,26,14,29,19,15,22,29,2,26,11,20,0,1,1,1,1,1,0,1,1,1,1,1,77,47,100,82,100,1,19,0,100,40,88,83,,,,,,,,,,,,,,,,,,,,,,,,
,b,2,99,99,,12,26,14,29,19,15,22,29,2,26,11,20,0,1,1,1,1,1,0,1,1,1,1,1,78,47,100,82,100,1,19,0,100,43,89,85,,,,,,,,,,,,,,,,,,,,,,,,
,b,2,99,99,,12,26,14,29,19,15,22,29,2,26,11,20,0,1,1,1,1,1,0,1,1,1,1,1,78,55,100,87,100,1,19,1,100,45,91,85,,,,,,,,,,,,,,,,,,,,,,,,
,b,2,99,99,,12,26,14,29,19,15,22,29,2,26,11,20,0,1,1,1,1,1,0,1,1,1,0,1,78,56,100,87,4,1,20,1,100,56,91,86,,,,,1,,,,,,,,,,,,,,,,,,2,
,b,2,99,99,,12,26,14,29,19,15,22,29,2,26,11,20,0,1,1,1,1,1,0,1,1,1,0,1,79,62,100,88,9,2,20,3,100,57,91,86,,,,,,,,,,,,,,,,,,,,,,,,
,b,2,99,99,,12,26,14,29,19,15,22,29,2,26,11,20,0,1,1,1,0,1,0,1,1,1,0,1,79,74,100,88,9,2,20,9,100,74,91,86,,,,,,,,,,,,,,,,,10,,,,,,,
,b,2,99,99,,12,26,14,29,19,15,22,29,2,26,11,20,0,1,1,1,0,1,0,1,1,1,0,1,79,79,100,88,10,3,20,9,100,74,91,86,,,,,,,,,,,,,,,,,,,,,,,,
,b,2,99,99,,12,26,14,29,19,15,22,29,2,26,11,20,0,1,1,1,0,1,1,1,1,1,0,1,79,91,0,88,10,5,21,12,100,75,92,86,,,1,,,,,,,,,,,,,,,,,,,,,
,b,2,99,99,,12,26,14,29,19,15,22,29,2,26,11,20,0,1,1,1,0,1,1,0,1,1,0,1,80,91,2,89,10,5,21,13,100,77,92,87,,,,,,,,,,,,,,,,,,,,2,,,,
,b,2,99,99,,12,26,14,29,19,15,22,29,2,26,11,20,1,1,1,1,0,1,1,0,1,1,0,1,80,93,6,89,10,6,21,13,100,79,92,87,,,,,,,,,,,,,,,,,,,,,,,,
,b,2,99,99,,12,26,14,29,19,15,22,29,2,26,11,20,1,1,1,1,0,1,1,0,1,1,0,1,80,100,8,89,11,7,21,13,100,88,92,87,,,,,,,,,,,,,,,,,,,,,,,,
,b,2,99,99,,12,26,14,29,19,15,22,29,2,26,11,20,1,1,1,0,0,1,1,0,1,1,0,1,81,100,9,90,11,7,21,14,0,90,92,87,,,,,,,,,1,,,,,,,10,,,,,,,,
,b,2,99,99,,12,26,14,29,19,15,22,29,2,26,11,20,1,1,1,0,0,1,1,0,1,1,0,1,81,100,14,90,11,8,22,14,6,91,92,88,,,,,,,,,,,,,,,,,,,,,,,,
,b,2,99,99,,12,26,14,29,19,15,22,29,2,26,11,20,1,1,1,0,0,1,1,0,1,1,0,1,81,100,19,90,12,9,22,14,9,91,93,90,,,,,,,,,,,,,,,,,,,,,,,,
,b,2,99,99,,12,26,14,29,19,15,22,29,2,26,11,20,1,1,1,0,0,1,1,0,1,1,0,1,81,0,20,91,12,10,22,15,10,91,93,100,,1,,,,,,,,,,,,,,,,,,,,,,
,b,2,99,99,,12,26,14,29,19,15,22,29,2,26,11,20,1,1,1,0,0,1,1,0,1,1,1,1,82,11,22,91,12,13,22,15,10,95,93,100,,,,,,,,,,,,,,,,,,,,,,,,
,b,2,99,99,,12,26,14,29,19,15,22,29,2,26,11,20,1,1,1,0,0,1,1,0,1,1,1,1,82,11,22,91,13,14,22,15,10,95,93,100,,,,,,,,,,,,,,,,,,,,,,,,
,b,2,99,99,,12,26,14,29,19,15,22,29,2,26,11,20,1,1,1,0,0,1,1,0,1,1,1,1,82,17,23,92,13,16,23,16,10,99,93,100,,,,,,,,,,,,,,,,,,,,,,,,
,b,2,99,99,,12,26,14,29,19,15,22,29,2,26,11,20,1,1,1,0,1,1,1,0,1,1,1,1,83,22,25,92,0,18,23,16,13,100,93,100,,,,,,,,,,,,,,,,,,,,,,,,
,b,2,99,99,,12,26,14,29,28,15,22,29,2,26,11,20,1,1,1,0,1,1,1,0,1,1,1,1,83,28,27,92,0,21,23,16,18,100,94,100,,,,,,,,,,,,,,,,,,,,,,,,
,b,2,99,99,,12,26,14,29,28,15,22,29,2,26,11,20,1,1,1,0,1,1,1,1,1,1,1,1,83,29,29,93,0,21,23,17,21,100,94,100,,,,,,,,,,,,,,,,,,,,,,,,
,b,2,99,99,,12,26,14,29,28,15,22,29,2,26,11,20,1,1,1,0,1,1,1,1,1,1,1,1,84,33,32,93,0,22,24,17,24,100,94,100,,,,,,,,,,,,,,,,,,,,,,,,
,b,2,99,99,,12,26,14,29,28,15,22,29,2,26,11,20,1,1,1,0,1,1,1,1,1,1,1,1,84,33,35,93,1,23,30,17,27,100,94,100,,,,,,,,,,,,,,,,,,,,,,,,
,b,2,99,99,,12,26,14,29,28,15,22,29,2,26,11,20,1,1,0,0,1,1,1,1,1,1,1,1,87,34,36,94,1,23,30,18,32,0,94,100,,,,,,,,,,1,,,,,7,,,,,,,,,
,b,0,99,100,,12,26,14,29,28,15,22,29,2,26,11,20,1,1,0,1,1,1,1,1,1,1,1,1,88,34,36,94,1,24,30,18,33,1,95,1,,,,,,,,,,,,1,,,,,,,,,,,,
,b,0,99,100,,12,26,14,29,28,15,22,29,2,26,11,20,1,1,0,1,1,1,1,1,1,1,1,1,92,34,37,94,1,24,30,18,34,1,95,1,,,,,,,,,,,,,,,,,,,,,,,,
,b,0,99,100,,12,26,14,29,28,15,22,29,2,26,11,20,1,1,0,1,1,1,1,1,1,1,1,1,92,34,37,94,1,24,31,18,35,1,95,1,,,,,,,,,,,,,,,,,,,,,,,,
,b,0,99,100,,12,26,14,29,28,15,22,29,2,26,11,20,1,1,0,1,1,0,1,1,1,1,1,1,100,34,37,94,2,24,31,18,36,1,95,2,,,,,,,,,,,,,,,,,,12,,,,,,
,b,0,99,100,,12,26,14,29,28,15,22,29,2,26,11,20,1,1,0,1,1,0,1,1,1,1,1,1,100,34,37,94,2,24,32,19,37,1,95,2,,,,,,,,,,,,,,,,,,,,,,,,
,b,0,99,100,,12,26,14,29,28,15,22,29,2,26,11,20,1,1,0,1,1,0,1,1,1,1,1,1,100,34,37,95,2,24,36,19,38,1,95,2,,,,,,,,,,,,,,,,,,,,,,,,
,,,,,,,,,,,,,,,,,,,,,,,,,,,,,,,,,,,,,,,,,,,,,,,,,,,,,,,,,,,,,,,,,
,,,,,,,,,,,,,,,,,,,,,,,,,,,,,,,,,,,,,,,,,,,,,,,,,,,,,,,,,,,,,,,,,
,,,,,,,,,,,,,,,,,,,,,,,,,,,,,,,,,,,,,,,,,,,,,,,,,,,,,,,,,,,,,,,,,
,,,,,,,,,,,,,,,,,,,,,,,,,,,,,,,,,,,,,,,,,,,,,,,,,,,,,,,,,,,,,,,,,
,,,,,,,,,,,,,,,,,,,,,,,,,,,,,,,,,,,,,,,,,,,,,,,,,,,,,,,,,,,,,,,,,
,,,,,,,,,,,,,,,,,,,,,,,,,,,,,,,,,,,,,,,,,,,,,,,,,,,,,,,,,,,,,,,,,
,,,,,,,,,,,,,,,,,,,,,,,,,,,,,,,,,,,,,,,,,,,,,,,,,,,,,,,,,,,,,,,,,
,,,,,,,,,,,,,,,,,,,,,,,,,,,,,,,,,,,,,,,,,,,,,,,,,,,,,,,,,,,,,,,,,
,,,,,,,,,,,,,,,,,,,,,,,,,,,,,,,,,,,,,,,,,,,,,,,,,,,,,,,,,,,,,,,,,
,c,-1,-1,-1,,12,26,14,29,28,15,22,29,2,26,11,20,1,1,1,1,1,1,1,1,1,1,1,1,0,0,0,0,0,0,0,0,0,0,0,0,,,,,,,,,,,,,,,,,,,,,,,,
,c,-1,-1,-1,,12,26,14,29,28,15,22,29,2,26,11,20,1,1,1,1,1,1,1,1,1,1,1,1,0,0,0,0,0,0,0,0,0,0,0,0,,,,,,,,,,,,,,,,,,,,,,,,
,c,-1,-1,-1,,12,26,14,29,28,15,22,29,2,26,11,20,1,1,1,1,1,1,1,1,1,1,1,1,0,0,0,0,0,0,0,0,0,0,0,0,,,,,,,,,,,,,,,,,,,,,,,,
,c,-1,-1,-1,,12,26,14,29,28,15,22,29,2,26,11,20,1,1,1,1,1,1,1,1,1,1,1,1,0,0,0,0,0,0,0,0,0,0,0,0,,,,,,,,,,,,,,,,,,,,,,,,
,c,-1,-1,-1,,12,26,14,29,28,15,22,29,2,26,11,20,1,1,1,1,1,1,1,1,1,1,1,1,0,0,0,0,0,0,0,0,0,0,0,0,,,,,,,,,,,,,,,,,,,,,,,,
,c,-1,-1,-1,,12,26,14,29,28,15,22,29,2,26,11,28,1,1,1,1,1,1,1,1,1,1,1,1,0,0,0,0,0,0,0,0,0,0,0,0,,,,,,,,,,,,,,,,,,,,,,,,
,c,-1,-1,-1,,12,26,14,29,28,15,22,29,2,26,11,28,1,1,1,1,1,1,1,1,1,1,1,1,0,0,0,0,0,0,0,0,0,0,0,0,,,,,,,,,,,,,,,,,,,,,,,,
,c,-1,-1,-1,,12,26,14,29,28,15,22,29,2,26,11,28,1,1,1,1,1,1,1,1,1,1,1,1,0,0,0,0,0,0,0,0,0,0,0,0,,,,,,,,,,,,,,,,,,,,,,,,
,c,-1,-1,-1,,12,26,14,29,28,15,22,29,15,26,11,28,1,1,1,1,1,1,1,1,1,1,1,1,0,0,0,0,0,0,0,0,0,0,0,0,,,,,,,,,,,,,,,,,,,,,,,,
,c,-1,-1,-1,,12,26,14,29,28,15,22,29,15,26,11,28,1,1,1,1,1,1,1,1,1,1,1,1,0,0,0,0,0,0,0,0,0,0,0,0,,,,,,,,,,,,,,,,,,,,,,,,
,c,-1,-1,-1,,12,26,14,29,28,0,22,29,15,26,11,28,1,1,1,1,1,1,1,1,1,1,1,1,0,0,0,0,0,0,0,0,0,0,0,0,,,,,,,,,,,,,,,,,,,,,,,,
,c,-1,-1,-1,,12,26,14,29,28,0,22,29,15,26,11,28,1,1,1,1,1,1,1,1,1,1,1,1,0,0,0,0,0,0,0,0,0,0,0,0,,,,,,,,,,,,,,,,,,,,,,,,
,c,-1,-1,-1,,12,26,14,29,30,0,22,29,15,26,11,28,1,1,1,1,1,1,1,1,1,1,1,1,0,0,0,0,0,0,0,0,0,0,0,0,,,,,,,,,,,,,,,,,,,,,,,,
,c,-1,-1,-1,,12,26,14,20,30,0,22,29,15,26,11,28,1,1,1,1,1,1,1,1,1,1,1,1,0,0,0,0,0,0,0,0,0,0,0,0,,,,,,,,,,,,,,,,,,,,,,,,
,c,-1,-1,-1,,12,26,14,20,30,0,22,29,15,26,11,28,1,1,1,1,1,1,1,1,1,1,1,1,0,0,0,0,0,0,0,0,0,0,0,0,,,,,,,,,,,,,,,,,,,,,,,,
,c,-1,-1,-1,,12,26,14,20,30,0,22,29,15,26,11,28,1,1,1,1,1,1,1,1,1,1,1,1,0,0,0,0,0,0,0,0,0,0,0,0,,,,,,,,,,,,,,,,,,,,,,,,
,c,-1,-1,-1,,12,26,14,20,30,0,22,29,15,26,11,28,1,1,1,1,1,1,1,1,1,1,1,1,0,0,0,0,0,0,0,0,0,0,0,0,,,,,,,,,,,,,,,,,,,,,,,,
,c,-1,-1,-1,,1,26,14,20,30,0,22,29,15,26,11,28,1,1,1,1,1,1,1,1,1,1,1,1,0,0,0,0,0,0,0,0,0,0,0,0,,,,,,,,,,,,,,,,,,,,,,,,
,c,-1,-1,-1,,1,26,14,20,30,0,22,29,15,26,11,28,1,1,1,1,1,1,1,1,1,1,1,1,0,0,0,0,0,0,0,0,0,0,0,0,,,,,,,,,,,,,,,,,,,,,,,,
,c,-1,-1,-1,,1,26,14,20,30,0,22,29,15,26,11,28,1,1,1,1,1,1,1,1,1,1,1,1,0,0,0,0,0,0,0,0,0,0,0,0,,,,,,,,,,,,,,,,,,,,,,,,
,c,-1,-1,-1,,1,26,14,20,30,0,22,29,15,26,11,28,1,1,1,1,1,1,1,1,1,1,1,1,0,0,0,0,0,0,0,0,0,0,0,0,,,,,,,,,,,,,,,,,,,,,,,,
,c,-1,-1,-1,,1,26,14,20,30,0,22,29,15,26,11,28,1,1,1,1,1,1,1,1,1,1,1,1,0,0,0,0,0,0,0,0,0,0,0,0,,,,,,,,,,,,,,,,,,,,,,,,
,c,-1,-1,-1,,1,26,14,20,30,0,22,29,15,26,11,28,1,1,1,1,1,1,1,1,1,1,1,1,0,0,0,0,0,0,0,0,0,0,0,0,,,,,,,,,,,,,,,,,,,,,,,,
,c,-1,-1,-1,,1,22,14,20,30,0,22,29,15,26,11,28,1,1,1,1,1,1,1,1,1,1,1,1,0,0,0,0,0,0,0,0,0,0,0,0,,,,,,,,,,,,,,,,,,,,,,,,
,c,-1,-1,-1,,1,22,14,20,30,0,22,29,15,26,11,28,1,1,1,1,1,1,1,1,1,1,1,1,0,0,0,0,0,0,0,0,0,0,0,0,,,,,,,,,,,,,,,,,,,,,,,,
,c,-1,-1,-1,,1,22,14,20,30,0,22,29,15,26,11,28,1,1,1,1,1,1,1,1,1,1,1,1,0,0,0,0,0,0,0,0,0,0,0,0,,,,,,,,,,,,,,,,,,,,,,,,
,c,-1,-1,-1,,1,22,14,20,30,0,22,29,15,26,11,28,1,1,1,1,1,1,1,1,1,1,1,1,0,0,0,0,0,0,0,0,0,0,0,0,,,,,,,,,,,,,,,,,,,,,,,,
,c,-1,-1,-1,,1,22,14,20,30,0,22,29,15,26,11,28,1,1,1,1,1,1,1,1,1,1,1,1,0,0,0,0,0,0,0,0,0,0,0,0,,,,,,,,,,,,,,,,,,,,,,,,
,c,-1,-1,-1,,1,22,14,20,30,0,22,29,15,26,11,28,1,1,1,1,1,1,1,1,1,1,1,1,0,0,0,0,0,0,0,0,0,0,0,0,,,,,,,,,,,,,,,,,,,,,,,,
,c,-1,-1,-1,,1,22,14,20,30,0,22,29,15,26,11,28,1,1,1,1,1,1,1,1,1,1,1,1,0,0,0,0,0,0,0,0,0,0,0,0,,,,,,,,,,,,,,,,,,,,,,,,
,c,-1,-1,-1,,1,22,14,20,30,0,22,29,15,26,11,28,1,1,1,1,1,1,1,1,1,1,1,1,0,0,0,0,0,0,0,0,0,0,0,0,,,,,,,,,,,,,,,,,,,,,,,,
,c,-1,-1,-1,,1,22,14,20,30,0,22,29,15,26,11,28,1,1,1,1,1,1,1,1,1,1,1,1,0,0,0,0,0,0,0,0,0,0,0,0,,,,,,,,,,,,,,,,,,,,,,,,
,c,-1,-1,-1,,1,22,14,20,30,0,22,29,15,26,11,28,1,1,1,1,1,1,1,1,1,1,1,1,0,0,0,0,0,0,0,0,0,0,0,0,,,,,,,,,,,,,,,,,,,,,,,,
,c,-1,-1,-1,,1,22,14,20,30,0,22,29,15,26,11,28,1,1,1,1,1,1,1,1,1,1,1,1,0,0,0,0,0,0,0,0,0,1,0,0,,,,,,,,,,,,,,,,,,,,,,,,
,c,-1,-1,-1,,1,22,14,20,30,0,22,29,15,26,11,28,1,1,1,1,1,1,1,1,1,1,1,1,0,0,1,0,0,0,0,1,0,1,0,1,,,,,,,,,,,,,,,,,,,,,,,,
,c,-1,-1,-1,,1,22,14,20,30,0,22,29,15,26,11,28,1,1,1,1,1,1,1,1,1,1,1,1,1,1,1,1,1,1,1,1,1,1,0,1,,,,,,,,,,,,,,,,,,,,,,,,
,c,-1,-1,-1,,1,22,14,20,30,0,22,29,15,26,11,28,1,1,1,1,1,1,1,1,1,1,1,1,1,1,1,1,1,1,1,1,1,2,1,1,,,,,,,,,,,,,,,,,,,,,,,,
,c,-1,-1,-1,,1,22,14,20,30,0,22,29,15,26,11,28,1,1,1,1,1,1,1,1,1,1,1,1,1,1,1,1,1,1,1,2,1,2,1,2,,,,,,,,,,,,,,,,,,,,,,,,
,c,-1,-1,-1,,1,22,14,20,30,0,22,29,15,26,11,28,1,1,1,1,1,1,1,1,1,1,1,1,1,5,2,1,1,1,1,2,1,3,1,2,,,,,,,,,,,,,,,,,,,,,,,,
,c,-1,-1,-1,,1,22,14,20,30,0,22,29,15,26,11,28,1,1,1,1,1,1,1,1,1,1,1,1,2,9,2,2,2,2,1,2,1,3,1,2,,,,,,,,,,,,,,,,,,,,,,,,
,c,-1,-1,-1,,1,22,14,20,30,0,22,29,15,26,11,28,1,1,1,1,1,1,1,1,1,1,1,1,2,9,2,2,2,2,2,3,2,3,1,3,,,,,,,,,,,,,,,,,,,,,,,,
,c,-1,-1,-1,,1,22,14,20,30,0,22,29,15,26,11,28,1,1,1,1,1,1,1,1,1,1,1,1,2,9,3,2,2,2,2,3,2,4,2,3,,,,,,,,,,,,,,,,,,,,,,,,
,c,-1,-1,-1,,1,22,14,20,30,0,22,29,15,26,11,28,1,1,1,1,1,1,1,1,1,1,1,1,4,9,4,2,2,2,2,14,2,5,3,3,,,,,,,,,,,,,,,,,,,,,,,,
,c,-1,-1,-1,,1,22,14,20,30,0,22,29,15,26,11,28,1,1,1,1,1,1,1,1,1,1,1,1,6,10,6,2,3,3,3,14,2,6,3,5,,,,,,,,,,,,,,,,,,,,,,,,
,c,-1,-1,-1,,1,22,14,20,30,0,22,29,15,26,11,28,1,1,1,1,1,1,1,1,1,1,1,1,6,10,9,3,3,11,6,14,2,6,4,15,,,,,,,,,,,,,,,,,,,,,,,,
,c,-1,-1,-1,,1,22,14,20,30,0,22,29,15,26,11,28,1,1,1,1,1,1,1,1,1,1,1,1,6,14,12,3,5,11,12,15,3,13,5,16,,,,,,,,,,,,,,,,,,,,,,,,
,c,-1,-1,-1,,1,22,14,20,30,0,22,29,15,26,11,28,1,1,1,1,1,1,1,1,1,1,1,1,9,17,14,3,7,15,13,15,3,13,6,16,,,,,,,,,,,,,,,,,,,,,,,,
,c,-1,-1,-1,,1,22,14,20,30,0,22,29,15,26,11,28,1,1,1,1,1,1,1,1,1,1,1,1,10,18,14,6,9,16,14,15,4,14,7,17,,,,,,,,,,,,,,,,,,,,,,,,
,c,-1,-1,-1,,1,22,14,20,30,0,22,29,15,26,11,28,1,1,1,1,1,1,1,1,1,1,1,1,11,20,15,6,13,20,14,17,6,14,8,19,,,,,,,,,,,,,,,,,,,,,,,,
,c,-1,-1,-1,,1,22,14,20,30,0,22,29,15,26,11,28,1,1,1,1,1,1,1,1,1,1,1,1,12,21,16,7,14,22,17,19,7,28,10,19,,,,,,,,,,,,,,,,,,,,,,,,
,c,-1,-1,-1,,1,22,14,20,30,0,22,29,15,26,11,28,1,1,1,1,1,1,1,1,1,1,1,1,13,23,16,9,14,26,18,20,11,31,13,19,,,,,,,,,,,,,,,,,,,,,,,,
,c,-1,-1,-1,,1,22,14,20,30,0,22,29,15,26,11,28,1,1,1,1,1,1,1,1,1,1,1,1,13,26,19,21,15,30,19,20,14,31,16,20,,,,,,,,,,,,,,,,,,,,,,,,
,c,-1,-1,-1,,1,22,14,20,30,0,22,29,15,26,11,28,1,1,1,1,1,0,1,1,1,1,1,1,13,27,19,21,16,30,28,24,17,42,18,22,,,,,,,,,,,,,,,,,,8,,,,,,
,c,-1,-1,-1,,1,22,14,20,30,0,22,29,15,26,11,28,1,1,1,1,1,0,1,1,1,1,1,1,17,27,19,26,16,30,31,25,20,44,20,29,,,,,,,,,,,,,,,,,,,,,,,,
,c,-1,-1,-1,,1,22,14,20,30,0,22,29,15,26,11,28,1,1,1,1,1,0,1,1,1,1,1,1,21,28,21,26,16,30,32,30,22,53,21,29,,,,,,,,,,,,,,,,,,,,,,,,
,c,-1,-1,-1,,1,22,14,20,30,0,22,29,15,26,11,28,1,1,1,1,1,0,1,1,1,1,1,1,25,31,24,28,16,31,32,30,25,58,22,30,,,,,,,,,,,,,,,,,,,,,,,,
,c,-1,-1,-1,,1,22,14,20,30,0,22,29,15,26,11,28,1,1,1,1,1,0,1,1,1,1,1,1,28,32,27,28,17,31,32,30,28,58,23,37,,,,,,,,,,,,,,,,,,,,,,,,
,c,-1,-1,-1,,1,22,14,20,30,0,22,29,15,26,11,28,1,0,1,1,1,0,1,1,1,1,1,1,28,32,30,28,17,31,32,31,32,58,24,39,,,,,,,,,,,,,,9,,,,,,,,,,
,c,-1,-1,-1,,1,22,14,20,30,0,22,29,15,26,11,28,1,0,1,1,1,0,1,1,1,1,1,1,28,32,32,29,19,31,33,32,35,65,25,44,,,,,,,,,,,,,,,,,,,,,,,,
,c,-1,-1,-1,,1,22,14,20,30,0,22,29,15,26,11,28,1,0,1,1,1,0,1,1,1,1,1,1,29,32,35,30,19,31,38,36,36,65,25,48,,,,,,,,,,,,,,,,,,,,,,,,
,c,0,0,0,,1,22,14,20,30,0,22,29,15,26,11,28,1,0,1,1,0,0,1,1,1,1,1,1,29,32,36,30,20,32,45,39,38,68,29,50,,,,,,,,,,,,,,,,,10,,,,,,,
,c,0,0,0,,1,22,14,20,30,0,22,29,15,26,11,28,1,0,1,1,0,0,1,1,1,1,1,1,29,33,37,39,20,32,45,40,39,71,31,50,,,,,,,,,,,,,,,,,,,,,,,,
,c,0,0,0,,1,22,14,20,30,0,22,29,15,26,11,28,0,0,1,1,0,1,1,1,1,1,1,1,29,33,37,44,20,32,46,42,40,73,31,53,,,,,,,,,,,,,8,,,,,,,,,,,
,c,0,0,0,,1,22,14,20,30,0,22,29,15,26,11,28,0,0,1,1,0,1,1,1,1,1,1,1,29,33,39,44,20,32,46,42,41,76,31,55,,,,,,,,,,,,,,,,,,,,,,,,
,c,0,0,0,,1,22,14,20,30,0,22,29,15,26,11,28,0,0,1,0,0,1,1,1,1,1,1,1,30,33,40,44,20,33,49,43,41,85,32,57,,,,,,,,,,,,,,,,10,,,,,,,,
,c,0,0,0,,1,22,14,20,30,0,22,29,15,26,11,28,0,0,1,0,0,1,1,1,1,1,1,1,30,34,41,44,21,33,49,43,42,85,35,57,,,,,,,,,,,,,,,,,,,,,,,,
,c,0,0,0,,1,22,14,20,30,0,22,29,15,26,11,28,0,0,1,0,0,1,1,1,1,1,1,1,30,34,41,45,21,33,49,43,44,86,39,58,,,,,,,,,,,,,,,,,,,,,,,,
,c,0,0,0,,1,22,14,20,30,0,22,29,15,26,11,28,0,1,1,0,0,1,1,1,1,1,1,1,30,0,41,45,21,33,52,44,44,87,40,58,,,,,,,,,,,,,,,,,,,,,,,,
,c,0,0,0,,1,12,14,20,30,15,22,29,15,26,11,28,0,1,0,0,0,1,1,1,1,1,1,1,31,0,41,45,21,0,52,44,45,87,40,58,,,,,,,,,,,,,,,8,,,,,,,,,
,c,0,0,0,,1,12,14,20,30,15,22,29,15,26,11,28,0,1,0,0,0,1,1,1,1,1,1,1,31,0,42,45,22,0,52,44,45,88,40,59,,,,,,,,,,,,,,,,,,,,,,,,
,c,0,0,0,,1,12,14,20,30,15,22,29,15,26,11,28,0,1,0,0,1,1,1,1,1,1,1,1,31,0,42,45,22,0,52,45,46,88,40,59,,,,,,,,,,,,,,,,,,,,,,,,
,c,0,0,0,,1,12,14,20,30,15,22,29,15,26,11,28,0,1,0,0,1,1,1,1,1,1,1,1,31,1,42,46,22,0,53,45,46,89,41,59,,,,,,,,,,,,,,,,,,,,,,,,
,c,0,0,0,,22,12,14,20,30,15,22,29,15,26,11,28,1,1,0,0,1,1,1,1,1,1,1,1,0,1,43,46,22,0,53,45,46,89,42,60,,,,,,,,,,,,,,,,,,,,,,,,
,c,2,0,0,,22,12,14,20,30,15,22,29,15,26,11,28,1,1,0,0,1,1,1,1,1,1,1,1,0,1,43,46,23,1,53,46,46,89,43,60,,,,,,,,,,,,,,,,,,,,,,,,
,c,2,0,1,,22,12,14,20,30,15,22,29,15,26,11,28,1,1,0,1,1,1,1,1,1,1,1,1,0,2,43,46,23,1,53,46,46,90,43,60,,,,,,,,,,,,,,,,,,,,,,,,
,c,2,0,2,,22,12,14,20,30,15,22,29,15,26,11,28,1,1,0,1,1,1,1,1,1,1,1,1,0,2,43,47,23,1,53,46,47,90,44,61,,,,,,,,,,,,,,,,,,,,,,,,
,c,2,0,3,,22,12,14,20,30,15,22,29,15,26,11,28,1,1,0,1,1,1,1,1,1,1,1,1,0,2,44,47,23,1,54,47,47,91,44,61,,,,,,,,,,,,,,,,,,,,,,,,
,c,2,0,3,,22,12,14,20,30,15,22,29,15,26,11,28,1,1,1,1,1,1,1,1,1,1,1,1,1,2,44,47,24,1,54,47,47,91,44,61,,,,,,,,,,,,,,,,,,,,,,,,
,c,2,0,4,,22,12,14,20,30,15,22,29,15,26,11,28,1,1,1,1,1,1,1,1,1,1,1,1,1,3,44,47,24,2,54,47,47,91,44,62,,,,,,,,,,,,,,,,,,,,,,,,
,c,2,0,5,,22,12,14,20,30,15,22,29,15,26,11,28,1,1,1,1,1,1,1,1,1,1,1,1,1,3,44,47,24,2,54,48,47,92,44,62,,,,,,,,,,,,,,,,,,,,,,,,
,c,2,0,6,,22,12,14,20,30,15,22,29,15,26,11,28,1,1,1,1,1,1,1,1,1,1,1,1,1,3,45,48,24,2,55,48,48,94,44,62,,,,,,,,,,,,,,,,,,,,,,,,
,c,2,0,7,,22,12,14,20,30,15,22,29,15,26,11,28,1,0,1,1,1,1,1,1,1,1,1,1,1,4,45,48,25,2,64,48,48,97,45,67,,,,,,,,,,,,,,12,,,,,,,,,,
,c,2,0,8,,22,12,14,20,30,15,22,29,15,26,11,28,1,0,1,1,1,1,1,1,1,1,1,1,2,4,45,48,26,2,66,48,48,97,45,68,,,,,,,,,,,,,,,,,,,,,,,,
,c,2,0,8,,22,12,14,20,30,15,22,29,15,26,11,28,1,0,1,1,1,1,1,1,1,1,1,1,2,4,48,48,26,3,70,50,49,100,45,68,,,,,,,,,,,,,,,,,,,,,,,,
,c,2,0,9,,22,12,14,20,30,15,22,29,15,26,11,28,1,0,1,1,1,1,1,1,1,1,1,1,4,5,51,49,27,6,74,54,50,100,46,68,,,,,,,,,,,,,,,,,,,,,,,,
,c,2,0,10,,22,12,14,20,30,15,22,29,15,26,11,28,1,0,1,1,1,1,1,1,1,1,1,1,4,5,54,50,33,7,74,56,53,0,46,69,,,,,,,,,,1,,,,,,,,,,,,,,
,c,2,0,11,,22,12,14,20,30,15,22,29,15,26,11,28,1,0,1,1,1,0,1,1,1,1,1,1,4,5,55,56,33,8,74,56,55,0,47,69,,,,,,,,,,,,,,,,,,10,,,,,,
,c,2,0,12,,22,12,14,20,30,15,22,29,15,26,11,28,1,0,1,1,1,0,1,1,1,1,1,1,4,5,55,58,33,8,75,56,56,0,48,69,,,,,,,,,,,,,,,,,,,,,,,,
,c,2,0,12,,22,12,14,20,30,15,22,29,15,26,11,28,1,0,1,1,1,0,1,1,1,1,1,1,6,6,56,58,34,9,75,57,56,1,51,70,,,,,,,,,,,,,,,,,,,,,,,,
,c,2,0,13,,22,12,14,20,30,15,22,29,15,26,11,28,1,0,1,1,1,0,1,1,1,1,1,1,15,6,58,58,34,9,78,63,57,2,52,70,,,,,,,,,,,,,,,,,,,,,,,,
,c,2,0,14,,22,12,14,20,30,15,22,29,15,26,11,28,1,0,1,1,1,0,1,1,1,1,1,1,17,6,61,59,34,9,78,64,59,2,53,70,,,,,,,,,,,,,,,,,,,,,,,,
,c,2,0,15,,22,12,14,20,30,15,22,29,15,26,11,28,1,1,1,1,1,0,1,1,1,1,1,1,19,7,64,59,34,9,80,64,60,8,54,71,,,,,,,,,,,,,,,,,,,,,,,,
,c,2,0,16,,22,12,14,20,30,15,22,29,15,26,11,28,1,1,1,1,1,0,1,1,1,1,1,1,22,7,64,59,35,9,80,64,60,11,54,71,,,,,,,,,,,,,,,,,,,,,,,,
,c,2,0,17,,22,12,14,20,30,15,22,29,15,26,11,28,1,1,1,1,1,0,1,1,1,1,1,1,24,10,67,59,40,10,81,65,61,13,55,71,,,,,,,,,,,,,,,,,,,,,,,,
,c,2,0,17,,22,12,14,20,30,15,22,29,15,26,11,28,1,1,1,1,1,0,1,1,1,1,1,1,27,11,69,59,41,10,84,65,62,17,55,73,,,,,,,,,,,,,,,,,,,,,,,,
,c,2,0,18,,22,12,14,20,30,15,22,29,15,26,11,28,1,1,1,1,1,0,1,1,1,1,1,1,31,11,69,60,41,12,89,66,67,18,55,91,,,,,,,,,,,,,,,,,,,,,,,,
,c,2,0,19,,22,12,14,20,30,15,22,29,15,26,11,28,1,1,0,1,0,1,1,1,1,1,1,1,32,11,70,61,44,12,89,68,70,26,56,95,,,,,,,,,,,,,,,10,,10,,,,,,,
,c,2,0,20,,22,12,14,20,30,15,22,29,15,26,11,28,1,1,0,1,0,1,1,1,1,1,1,1,35,12,71,74,44,12,90,71,72,26,56,95,,,,,,,,,,,,,,,,,,,,,,,,
,c,2,0,21,,22,12,14,20,30,15,22,29,15,26,11,28,1,1,0,1,0,1,1,1,1,1,1,1,37,15,71,74,44,12,95,71,73,38,56,97,,,,,,,,,,,,,,,,,,,,,,,,
,c,2,0,22,,22,12,14,20,30,15,22,29,15,26,11,28,1,1,0,1,0,1,1,1,1,1,1,1,37,19,71,82,44,12,100,71,76,41,56,98,,,,,,,,,,,,,,,,,,,,,,,,
,c,2,0,22,,22,12,14,20,30,15,22,29,15,26,11,28,1,1,0,1,0,1,1,1,1,1,1,1,38,20,72,82,45,14,100,72,81,41,59,100,,,,,,,,,,,,,,,,,,,,,,,,
,c,2,0,23,,22,12,14,20,30,15,22,29,15,26,11,28,1,1,0,0,0,1,1,1,1,1,1,1,46,20,72,82,45,18,100,72,86,42,62,100,,,,,,,,,,,,,,,,7,,,,,,,,
,c,2,0,24,,22,12,14,20,30,15,22,29,15,26,11,28,1,1,0,0,0,1,1,1,1,1,1,1,51,20,72,82,45,24,100,72,89,42,72,100,,,,,,,,,,,,,,,,,,,,,,,,
,c,2,0,25,,22,12,14,20,30,15,22,29,15,26,11,28,1,1,0,0,0,1,1,1,1,1,1,1,54,21,72,83,45,25,100,73,91,42,76,100,,,,,,,,,,,,,,,,,,,,,,,,
,c,2,0,26,,22,12,14,20,30,15,22,29,15,26,11,28,1,1,0,0,0,1,1,1,1,1,1,1,54,21,73,83,46,25,100,73,93,43,77,100,,,,,,,,,,,,,,,,,,,,,,,,
,c,2,0,27,,22,12,14,20,30,15,22,29,15,26,11,28,1,1,0,0,0,1,1,1,1,1,1,1,54,23,73,83,46,26,100,73,94,43,77,100,,,,,,,,,,,,,,,,,,,,,,,,
,c,2,0,27,,22,12,14,20,30,15,22,29,15,26,11,28,1,1,1,0,1,1,1,1,1,1,1,1,54,24,73,83,46,26,100,74,94,44,78,100,,,,,,,,,,,,,,,,,,,,,,,,
,c,2,0,28,,22,12,14,20,30,15,22,29,15,26,11,28,1,1,1,0,1,1,1,1,1,1,1,1,55,24,73,83,46,26,100,74,94,44,80,100,,,,,,,,,,,,,,,,,,,,,,,,
,c,2,0,29,,22,12,14,20,30,15,22,29,15,26,11,28,1,1,1,0,1,1,1,1,1,1,1,1,55,24,74,84,46,26,100,74,94,44,82,100,,,,,,,,,,,,,,,,,,,,,,,,
,c,2,0,30,,22,12,14,20,30,15,22,29,15,26,11,28,1,1,1,0,1,1,1,1,1,1,1,1,55,25,74,84,47,26,100,75,95,45,83,100,,,,,,,,,,,,,,,,,,,,,,,,
,c,2,0,31,,22,12,14,20,30,15,22,29,15,26,11,28,1,1,1,1,1,1,1,1,1,1,1,1,55,25,74,84,47,27,100,75,95,45,83,100,,,,,,,,,,,,,,,,,,,,,,,,
,c,2,0,32,,22,12,14,20,30,15,22,29,15,26,11,28,1,1,1,1,1,1,1,1,1,1,1,1,56,25,75,84,47,27,100,75,95,46,83,100,,,,,,,,,,,,,,,,,,,,,,,,
,c,2,0,33,,22,12,14,20,30,15,22,29,15,26,11,28,1,1,1,1,1,1,1,1,1,1,1,1,56,25,75,85,47,27,100,76,95,46,83,100,,,,,,,,,,,,,,,,,,,,,,,,
,c,2,0,33,,22,12,14,20,30,15,22,29,15,26,11,28,1,1,1,1,1,1,1,1,1,1,1,1,56,26,75,85,48,27,100,76,95,46,83,100,,,,,,,,,,,,,,,,,,,,,,,,
,c,2,0,34,,22,12,14,20,30,15,22,29,15,26,11,28,1,1,1,1,1,1,1,1,1,1,1,1,56,36,75,85,48,28,100,76,96,47,83,100,,,,,,,,,,,,,,,,,,,,,,,,
,c,2,0,35,,22,12,14,20,30,15,22,29,15,26,11,28,1,1,1,1,1,1,1,1,1,1,1,1,56,37,78,85,48,29,100,77,96,47,84,100,,,,,,,,,,,,,,,,,,,,,,,,
,c,2,0,36,,22,12,14,20,30,15,22,29,15,26,11,28,1,1,1,1,1,1,1,1,1,1,1,1,62,37,81,85,48,31,100,79,96,48,84,100,,,,,,,,,,,,,,,,,,,,,,,,
,c,2,0,37,,22,12,14,20,30,15,22,29,15,26,11,28,1,1,1,1,1,1,1,1,1,1,1,1,68,37,81,86,49,31,100,80,97,51,86,100,,,,,,,,,,,,,,,,,,,,,,,,
,c,2,0,37,,22,12,14,20,30,15,22,29,15,26,11,28,1,1,1,1,1,1,1,1,1,1,1,1,69,38,82,86,52,32,100,84,99,53,88,100,,,,,,,,,,,,,,,,,,,,,,,,
,c,2,0,38,,22,12,14,20,30,15,22,29,15,26,11,28,1,1,1,1,1,1,1,1,1,1,1,1,70,38,84,86,57,32,100,87,100,54,90,100,,,,,,,,,,,,,,,,,,,,,,,,
,c,2,0,39,,22,12,14,20,30,15,22,29,15,26,11,28,0,1,1,1,1,1,1,1,1,1,1,1,70,38,85,86,61,33,100,88,100,54,90,100,,,,,,,,,,,,,8,,,,,,,,,,,
,c,2,0,40,,22,12,14,20,30,15,22,29,15,26,11,28,0,1,1,1,1,1,1,1,1,1,1,1,70,39,86,87,65,40,100,88,100,55,91,100,,,,,,,,,,,,,,,,,,,,,,,,
,c,2,0,41,,22,12,14,20,30,15,22,29,15,26,11,28,0,1,1,1,1,1,1,1,1,1,1,1,71,39,90,88,65,43,100,88,100,64,91,100,,,,,,,,,,,,,,,,,,,,,,,,
,c,2,0,42,,22,12,14,20,30,15,22,29,15,26,11,28,0,1,1,1,1,1,1,1,1,1,1,1,71,39,93,88,65,47,100,89,100,69,92,100,,,,,,,,,,,,,,,,,,,,,,,,
,c,2,0,42,,22,12,14,20,30,15,22,29,15,26,11,28,0,1,1,1,1,1,1,1,1,1,1,1,71,39,96,97,65,48,100,94,100,70,92,100,,,,,,,,,,,,,,,,,,,,,,,,
,c,2,0,43,,22,12,14,20,30,15,22,29,15,26,11,28,0,1,1,1,1,1,1,1,1,1,1,1,71,40,97,100,66,50,100,94,100,71,92,100,,,,,,,,,,,,,,,,,,,,,,,,
,c,2,0,44,,22,12,14,20,30,15,22,29,15,26,11,28,0,1,1,1,1,1,1,1,1,1,1,1,72,40,100,100,67,50,100,96,100,75,92,100,,,,,,,,,,,,,,,,,,,,,,,,
,c,2,0,45,,22,12,14,20,30,15,22,29,15,26,11,28,0,1,1,1,1,1,1,1,1,1,1,1,72,40,100,100,67,51,100,98,100,83,93,100,,,,,,,,,,,,,,,,,,,,,,,,
,c,2,0,46,,22,12,14,20,30,15,22,29,15,26,11,28,0,1,1,1,0,1,1,1,1,1,1,1,72,41,100,100,68,51,100,100,100,83,93,100,,,,,,,,,,,,,,,,,7,,,,,,,
,c,2,0,47,,22,12,14,20,30,15,22,29,15,26,11,28,1,1,1,1,0,1,1,1,1,1,1,1,0,41,100,100,68,52,100,100,0,86,93,100,,,,,,,,,1,,,,,,,,,,,,,,,
,c,2,0,47,,18,12,14,20,30,15,22,29,15,26,11,28,1,1,1,1,0,1,1,1,1,1,1,1,0,41,100,100,68,52,100,100,0,92,93,100,,,,,,,,,,,,,,,,,,,,,,,,
,c,2,0,48,,18,12,14,20,30,15,22,29,15,26,11,28,1,1,1,1,0,1,1,1,1,1,1,1,0,41,100,100,68,52,100,100,2,97,93,100,,,,,,,,,,,,,,,,,,,,,,,,
,c,2,0,49,,18,12,14,20,30,15,22,29,15,26,11,28,1,1,1,1,0,1,1,1,1,1,1,1,0,46,100,100,69,52,100,100,4,98,93,100,,,,,,,,,,,,,,,,,,,,,,,,
,c,2,0,50,,18,12,14,20,30,15,22,29,15,26,11,28,1,1,1,1,0,1,1,1,1,1,1,1,0,46,100,100,69,52,100,100,4,98,94,100,,,,,,,,,,,,,,,,,,,,,,,,
,c,2,0,51,,18,12,14,20,30,15,22,29,15,26,11,28,1,1,1,1,0,1,1,1,1,1,1,1,1,46,100,100,69,53,100,100,4,98,94,100,,,,,,,,,,,,,,,,,,,,,,,,
,c,2,0,52,,18,12,14,20,30,15,22,29,15,26,11,28,1,1,1,1,0,1,1,1,1,1,1,1,1,47,100,100,69,53,100,100,5,100,94,100,,,,,,,,,,,,,,,,,,,,,,,,
,c,2,0,52,,18,12,14,20,30,15,22,29,15,26,11,28,1,1,1,1,0,1,0,1,1,1,1,1,1,56,100,100,70,56,100,100,6,100,94,100,,,,,,,,,,,,,,,,,,,6,,,,,
,c,2,0,53,,18,12,14,20,30,15,22,29,15,26,11,28,1,1,1,0,0,1,0,1,1,1,1,1,2,56,100,100,70,57,0,100,7,100,95,100,,,,,,,1,,,,,,,,,11,,,,,,,,
,c,2,0,54,,18,12,14,20,30,15,22,29,15,26,11,28,1,1,1,0,1,1,0,1,1,1,1,1,2,56,100,100,70,58,0,100,8,100,95,100,,,,,,,,,,,,,,,,,,,,,,,,
,c,2,0,55,,18,12,14,20,30,15,22,29,15,26,11,28,1,1,1,0,1,1,0,1,1,1,1,1,2,57,100,100,70,59,0,100,9,100,97,100,,,,,,,,,,,,,,,,,,,,,,,,
,c,2,0,56,,18,12,14,20,30,15,22,29,15,26,11,28,1,1,1,0,1,1,0,1,1,1,1,1,2,57,100,100,70,59,0,100,10,100,98,100,,,,,,,,,,,,,,,,,,,,,,,,
,c,2,0,57,,18,12,14,20,30,15,22,29,15,26,11,28,1,1,1,0,1,1,0,1,1,1,1,1,3,62,100,100,71,60,0,100,10,100,99,100,,,,,,,,,,,,,,,,,,,,,,,,
,c,2,0,57,,18,12,14,20,30,15,22,29,15,26,11,28,1,1,1,0,1,1,0,1,1,1,1,1,3,66,0,100,71,61,1,100,11,100,100,100,,,1,,,,,,,,,,,,,,,,,,,,,
,c,2,0,58,,18,12,14,20,30,15,22,29,15,26,11,28,1,1,1,0,1,1,0,1,1,1,1,1,3,70,1,100,71,63,1,100,16,100,100,100,,,,,,,,,,,,,,,,,,,,,,,,
,c,2,0,59,,18,12,14,20,30,15,22,29,15,26,11,28,1,1,1,0,1,1,0,1,1,1,1,1,3,70,4,100,71,65,1,100,20,100,100,100,,,,,,,,,,,,,,,,,,,,,,,,
,c,2,0,60,,18,12,14,20,30,15,22,29,15,26,11,28,1,1,1,0,1,1,0,1,1,1,1,1,4,74,6,100,72,71,1,100,21,100,100,100,,,,,,,,,,,,,,,,,,,,,,,,
,c,2,0,61,,18,12,14,20,30,15,22,29,15,26,11,28,1,1,1,0,1,1,0,1,1,1,1,1,4,78,7,100,72,73,1,100,25,100,100,100,,,,,,,,,,,,,,,,,,,,,,,,
,c,2,0,62,,18,12,14,20,30,15,22,29,15,26,11,28,1,1,1,1,1,1,1,1,1,1,1,1,4,79,7,100,72,75,2,100,27,100,100,100,,,,,,,,,,,,,,,,,,,,,,,,
,c,2,0,62,,18,12,14,20,30,15,22,29,15,26,11,28,1,1,1,1,1,1,1,1,1,1,1,1,10,90,8,100,72,78,2,100,28,100,100,100,,,,,,,,,,,,,,,,,,,,,,,,
,c,2,0,63,,18,12,14,20,30,15,22,29,15,26,11,28,1,1,1,1,1,1,1,0,1,1,1,1,20,94,9,100,75,79,2,0,28,0,100,100,,,,,,,,1,,1,,,,,,,,,,2,,,,
,c,2,0,64,,18,12,14,20,30,15,22,29,15,26,11,28,1,1,0,1,1,1,1,0,1,1,1,1,27,94,9,100,78,80,2,0,30,0,100,100,,,,,,,,,,,,,,,10,,,,,,,,,
,c,2,0,65,,18,12,14,20,30,15,22,29,15,26,11,28,1,1,0,1,1,1,1,0,1,1,1,1,28,95,9,100,81,83,3,0,31,5,100,100,,,,,,,,,,,,,,,,,,,,,,,,
,c,2,0,66,,18,12,14,20,30,15,22,29,15,26,11,28,1,1,0,1,1,1,1,0,1,1,1,1,36,99,10,100,84,84,3,1,31,5,100,100,,,,,,,,,,,,,,,,,,,,,,,,
,c,2,0,67,,18,12,14,20,30,15,22,29,15,26,11,28,1,1,0,1,1,1,1,0,1,1,1,1,37,100,10,100,84,84,3,1,31,13,100,100,,,,,,,,,,,,,,,,,,,,,,,,
,c,2,0,67,,18,12,14,20,30,15,22,29,15,26,11,28,1,1,0,1,1,1,1,0,1,1,1,1,41,100,10,100,90,84,3,1,32,18,100,100,,,,,,,,,,,,,,,,,,,,,,,,
,c,2,0,68,,18,12,14,20,30,15,22,29,15,26,11,28,1,1,0,1,1,1,1,0,1,1,1,1,45,100,11,100,93,85,3,2,36,18,100,100,,,,,,,,,,,,,,,,,,,,,,,,
,c,2,0,69,,18,12,14,20,30,15,22,29,15,26,11,28,1,1,0,1,1,1,1,0,1,1,1,1,51,100,11,100,95,85,6,2,39,19,100,100,,,,,,,,,,,,,,,,,,,,,,,,
,c,2,0,70,,18,12,14,20,30,15,22,29,15,26,11,28,1,1,0,1,1,1,1,0,1,1,1,1,55,100,11,100,96,88,6,2,39,19,100,100,,,,,,,,,,,,,,,,,,,,,,,,
,c,2,0,71,,18,12,14,20,30,15,22,29,15,26,11,28,1,1,0,1,1,1,1,0,1,1,1,1,57,100,11,100,96,91,7,3,40,20,100,100,,,,,,,,,,,,,,,,,,,,,,,,
,c,2,0,72,,18,12,14,20,30,15,22,29,15,26,11,28,1,1,0,1,1,1,1,1,1,1,1,1,58,100,12,100,96,92,8,3,40,21,100,100,,,,,,,,,,,,,,,,,,,,,,,,
,c,2,0,72,,18,12,14,20,30,15,22,29,15,26,11,28,1,1,1,1,1,1,1,1,1,1,1,1,58,100,12,100,100,93,12,3,43,21,100,100,,,,,,,,,,,,,,,,,,,,,,,,
,c,2,0,73,,18,12,14,20,30,15,22,29,15,26,11,28,1,1,1,1,1,1,1,1,1,1,1,1,58,100,12,100,100,95,15,4,44,22,100,100,,,,,,,,,,,,,,,,,,,,,,,,
,c,2,0,74,,18,12,14,20,30,15,22,29,15,26,11,28,1,1,1,1,1,1,1,1,1,1,1,1,62,100,12,100,100,98,16,4,45,22,100,0,,,,,,,,,,,,1,,,,,,,,,,,,
,c,2,0,75,,18,12,0,20,30,15,22,29,15,26,11,28,1,1,1,1,1,1,1,1,1,1,1,1,67,100,0,100,100,100,16,4,45,22,100,0,,,,,,,,,,,,,,,,,,,,,,,,
,c,2,0,76,,18,12,0,20,30,15,22,29,15,26,11,28,1,1,1,1,1,1,1,1,1,1,1,1,67,100,0,100,100,100,16,5,46,23,100,0,,,,,,,,,,,,,,,,,,,,,,,,
,c,2,0,77,,18,12,0,20,30,15,22,29,15,26,11,28,1,1,1,1,1,1,1,1,1,1,1,1,68,100,0,100,100,100,16,5,49,23,100,0,,,,,,,,,,,,,,,,,,,,,,,,
,c,2,0,78,,18,12,0,20,30,15,22,29,15,26,11,28,1,1,1,1,1,1,1,1,1,1,1,1,68,100,0,100,100,100,18,9,52,24,100,1,,,,,,,,,,,,,,,,,,,,,,,,
,c,2,0,78,,18,12,0,20,30,15,22,29,15,26,11,28,1,1,1,1,1,1,1,1,1,1,1,1,72,100,0,100,100,100,22,20,57,24,100,1,,,,,,,,,,,,,,,,,,,,,,,,
,c,2,0,79,,18,12,0,20,30,15,22,29,15,26,11,28,1,1,1,1,1,1,1,1,1,1,1,1,72,100,1,100,100,100,22,20,60,24,100,1,,,,,,,,,,,,,,,,,,,,,,,,
,c,2,0,80,,18,12,0,20,30,15,22,29,15,26,11,28,1,1,1,1,1,1,1,1,1,1,1,1,73,100,1,100,100,100,22,24,60,25,100,3,,,,,,,,,,,,,,,,,,,,,,,,
,c,2,0,81,,18,12,0,20,30,15,22,29,15,26,11,28,1,1,1,1,1,1,1,1,1,1,1,1,76,100,1,100,100,100,23,27,62,25,100,6,,,,,,,,,,,,,,,,,,,,,,,,
,c,2,0,82,,18,12,0,20,30,15,22,29,15,26,11,28,1,1,1,1,1,1,1,1,1,1,1,1,77,100,1,100,100,100,28,27,63,26,100,11,,,,,,,,,,,,,,,,,,,,,,,,
,c,2,0,83,,18,12,0,20,30,15,22,29,15,26,11,28,1,1,1,1,1,1,1,1,1,1,1,1,77,100,2,100,100,100,31,28,64,26,0,15,,,,,,,,,,,1,,,,,,,,,,,,,
,c,2,0,83,,18,12,0,20,30,15,22,29,15,26,11,28,1,1,1,1,1,1,0,1,1,1,1,1,77,0,2,100,100,100,31,28,65,26,1,18,,1,,,,,,,,,,,,,,,,,2,,,,,
,c,2,0,84,,18,12,0,20,30,15,22,29,15,26,11,28,1,1,1,1,1,1,0,1,1,1,1,1,77,0,2,100,100,100,31,28,65,27,1,18,,,,,,,,,,,,,,,,,,,,,,,,
,c,2,0,85,,18,12,0,20,30,15,22,29,15,26,11,28,1,1,1,1,1,1,0,1,1,1,1,1,77,0,3,100,100,0,32,29,65,27,2,19,,,,,,1,,,,,,,,,,,,,,,,,,
,c,2,0,86,,18,12,0,20,30,15,22,29,15,26,11,28,1,1,1,1,1,1,0,1,1,1,1,1,78,0,3,100,100,1,32,29,66,35,4,19,,,,,,,,,,,,,,,,,,,,,,,,
,c,2,0,87,,18,12,0,20,30,15,22,29,15,26,11,28,1,1,1,1,1,1,0,1,1,1,0,1,79,1,3,100,100,2,32,29,66,35,4,19,,,,,,,,,,,,,,,,,,,,,,,4,
,c,2,0,88,,18,12,0,20,30,15,22,29,15,26,11,28,1,1,1,1,1,1,0,1,1,1,0,1,80,1,3,100,100,4,32,33,67,43,4,20,,,,,,,,,,,,,,,,,,,,,,,,
,c,2,0,88,,18,12,0,20,30,15,22,29,15,26,11,28,1,1,1,1,1,1,0,1,1,1,0,1,80,1,4,100,0,8,33,33,72,48,5,20,,,,,1,,,,,,,,,,,,,,,,,,,
,c,2,0,89,,18,12,0,20,30,15,22,29,15,26,11,28,1,1,1,1,1,1,0,1,1,1,0,1,80,2,4,100,0,10,33,34,74,51,5,20,,,,,,,,,,,,,,,,,,,,,,,,
,c,2,0,90,,18,12,0,20,30,15,22,29,15,26,11,28,1,1,1,1,1,1,0,1,1,1,0,1,81,6,4,100,2,14,33,42,75,60,5,21,,,,,,,,,,,,,,,,,,,,,,,,
,c,2,0,91,,18,12,0,20,30,15,22,29,15,26,11,28,1,1,0,1,1,1,0,1,1,1,0,1,81,15,4,100,6,17,33,43,76,62,5,27,,,,,,,,,,,,,,,9,,,,,,,,,
,c,2,0,92,,18,12,0,20,30,15,22,29,15,26,11,28,1,1,0,1,1,1,1,1,1,1,0,0,90,23,5,100,10,19,33,43,76,66,5,28,,,,,,,,,,,,,,,,,,,,,,,,1
,c,2,0,93,,18,12,0,20,30,15,22,29,15,26,11,28,1,1,0,1,1,1,1,1,1,1,0,0,92,23,5,100,11,25,34,46,78,66,6,28,,,,,,,,,,,,,,,,,,,,,,,,
,c,2,0,93,,18,12,0,20,30,15,22,29,15,26,11,28,1,1,0,1,1,1,1,1,1,1,0,0,93,24,5,100,11,27,34,47,79,67,6,29,,,,,,,,,,,,,,,,,,,,,,,,
,c,2,0,94,,18,12,0,20,30,15,22,29,15,26,11,28,1,1,0,1,1,1,1,1,1,1,0,0,93,24,5,100,11,28,34,47,80,77,6,29,,,,,,,,,,,,,,,,,,,,,,,,
,c,2,0,95,,18,12,0,20,30,15,22,29,15,26,11,28,1,1,0,1,0,1,1,1,1,0,1,0,98,24,5,100,11,29,34,65,81,86,6,29,,,,,,,,,,,,,,,,,8,,,,,1,,
,c,2,0,96,,18,12,0,20,30,15,22,29,15,26,11,28,1,1,0,1,0,1,1,1,1,0,1,0,99,25,6,100,11,32,34,69,84,87,6,30,,,,,,,,,,,,,,,,,,,,,,,,
,c,2,0,97,,18,12,0,20,30,15,22,29,15,26,11,28,1,1,0,1,0,1,1,1,1,0,1,0,100,25,6,100,12,36,35,72,88,87,6,30,,,,,,,,,,,,,,,,,,,,,,,,
,c,2,0,98,,18,12,0,20,30,15,22,29,15,26,11,28,1,1,0,1,0,1,1,1,1,0,1,0,100,25,6,100,12,40,35,72,92,87,7,30,,,,,,,,,,,,,,,,,,,,,,,,
,c,2,0,98,,18,12,0,20,30,15,22,29,15,26,11,28,1,1,0,1,0,1,1,1,1,0,1,0,100,25,6,100,12,42,35,79,95,88,7,31,,,,,,,,,,,,,,,,,,,,,,,,
,c,2,0,99,,18,12,0,20,30,15,22,29,15,26,11,28,1,1,1,1,0,1,1,1,0,0,1,0,100,26,7,100,12,42,38,82,96,88,7,31,,,,,,,,,,,,,,,,,,,,,1,,,
,c,2,0,99,,18,12,0,20,30,15,22,29,15,26,11,28,1,1,1,1,0,0,1,1,0,0,1,1,100,34,7,100,13,43,46,83,96,89,7,0,,,,,,,,,,,,,,,,,,7,,,,,,
,c,2,0,99,,18,12,0,20,30,15,22,29,15,26,11,20,1,1,1,1,0,0,1,1,0,0,1,1,100,45,7,100,13,44,52,83,97,89,7,0,,,,,,,,,,,,,,,,,,,,,,,,
,c,2,0,99,,18,12,0,20,30,15,22,29,15,26,11,20,1,1,1,1,0,0,1,0,0,0,1,1,100,47,7,100,13,45,58,83,97,89,7,0,,,,,,,,,,,,,,,,,,,,2,,,,
,c,2,0,99,,18,12,0,20,30,15,22,29,15,26,11,20,1,1,1,1,0,0,1,0,0,0,1,1,100,47,8,100,13,45,59,84,97,90,8,0,,,,,,,,,,,,,,,,,,,,,,,,
,c,2,0,99,,18,12,0,20,29,15,22,29,15,26,11,20,1,1,1,1,1,0,1,0,0,1,1,1,100,47,8,100,0,45,59,84,97,90,11,0,,,,,,,,,,,,,,,,,,,,,,,,
,c,2,0,99,,18,12,0,20,29,15,22,29,15,26,11,20,1,1,1,1,1,0,1,0,0,1,0,1,100,48,8,100,0,46,62,84,98,91,12,1,,,,,,,,,,,,,,,,,,,,,,,1,
,c,1,0,99,,18,12,0,20,29,15,22,29,15,26,11,20,1,1,1,1,1,0,1,0,0,1,0,1,100,51,8,100,0,46,67,85,98,91,12,1,,,,,,,,,,,,,,,,,,,,,,,,
,c,1,1,99,,18,12,0,20,29,15,22,29,15,26,11,20,0,1,1,1,1,0,1,0,0,1,0,1,0,52,9,100,0,46,69,85,98,91,12,1,1,,,,,,,,,,,,,,,,,,,,,,,
,c,1,2,99,,18,12,0,20,29,15,22,29,15,26,11,20,0,1,1,1,1,0,1,0,0,1,0,1,0,52,9,100,1,46,75,85,98,92,13,1,,,,,,,,,,,,,,,,,,,,,,,,
,c,1,2,99,,18,12,0,20,29,15,22,29,15,26,11,20,0,1,1,1,1,0,0,0,1,1,0,1,0,52,9,100,1,46,75,86,98,92,13,2,,,,,,,,,,,,,,,,,,,4,,,,,
,c,1,3,99,,18,12,0,20,29,15,22,29,15,26,11,20,0,1,1,1,1,0,0,0,1,1,0,1,0,53,9,100,1,47,75,86,99,93,13,2,,,,,,,,,,,,,,,,,,,,,,,,
,c,1,4,99,,18,12,0,20,29,15,22,29,15,26,11,20,0,1,1,1,1,0,0,0,1,1,0,1,0,53,10,100,2,47,75,86,99,93,13,2,,,,,,,,,,,,,,,,,,,,,,,,
,c,1,5,99,,18,12,0,20,29,15,22,29,15,26,11,20,0,1,1,1,1,0,0,0,1,1,0,1,1,53,10,100,2,47,76,87,99,93,13,2,,,,,,,,,,,,,,,,,,,,,,,,
,c,1,6,99,,18,12,0,20,29,15,22,29,15,26,11,20,0,1,1,1,1,1,0,0,1,1,0,1,1,54,13,100,2,47,76,87,99,94,13,2,,,,,,,,,,,,,,,,,,,,,,,,
,c,1,7,99,,18,12,0,20,29,15,22,29,15,26,11,20,0,1,1,1,1,1,0,0,1,1,0,1,1,58,17,100,3,47,76,87,99,94,14,3,,,,,,,,,,,,,,,,,,,,,,,,
,c,1,7,99,,18,12,0,20,29,15,22,29,15,26,11,20,0,1,1,1,1,1,0,1,1,1,0,1,1,58,20,100,3,48,76,88,100,95,14,3,,,,,,,,,,,,,,,,,,,,,,,,
,c,1,8,99,,18,12,0,20,29,15,22,29,15,26,11,20,0,1,1,1,1,1,0,1,1,1,0,1,2,59,24,100,3,48,77,88,100,95,14,3,,,,,,,,,,,,,,,,,,,,,,,,
,c,1,9,99,,18,12,0,20,29,15,22,29,15,26,11,20,1,1,1,1,1,1,0,1,1,1,0,1,2,59,28,100,4,48,77,88,100,95,14,3,,,,,,,,,,,,,,,,,,,,,,,,
,c,1,10,99,,18,12,0,20,29,15,22,29,15,26,11,20,1,1,1,1,1,1,0,1,1,1,1,1,2,59,30,100,4,48,77,89,100,96,14,4,,,,,,,,,,,,,,,,,,,,,,,,
,c,1,11,99,,18,12,0,20,29,15,22,29,15,26,11,20,1,1,1,1,1,1,1,1,1,1,1,1,2,60,30,100,4,49,77,89,100,96,14,4,,,,,,,,,,,,,,,,,,,,,,,,
,c,1,12,99,,18,12,0,20,29,15,22,29,15,26,11,20,1,1,1,1,1,1,1,1,1,1,1,1,3,60,30,100,5,49,77,89,100,97,15,4,,,,,,,,,,,,,,,,,,,,,,,,
,c,1,12,99,,18,12,0,20,29,15,22,29,15,26,11,20,1,1,1,1,1,1,1,1,1,1,1,1,3,60,31,100,6,49,78,90,100,97,15,6,,,,,,,,,,,,,,,,,,,,,,,,
,c,1,13,99,,18,12,0,20,29,15,22,29,15,26,11,20,1,1,1,1,1,1,1,1,1,1,1,1,3,60,34,100,7,49,78,92,100,97,15,6,,,,,,,,,,,,,,,,,,,,,,,,
,c,1,14,99,,18,12,0,20,29,15,22,29,15,26,11,20,1,1,1,1,1,1,1,1,1,1,1,1,3,61,34,100,7,49,78,94,100,98,15,6,,,,,,,,,,,,,,,,,,,,,,,,
,c,1,15,99,,18,12,0,20,29,15,22,29,15,26,11,20,1,1,1,1,1,1,1,1,1,1,1,1,4,61,34,100,7,50,78,95,100,98,15,6,,,,,,,,,,,,,,,,,,,,,,,,
,c,1,16,99,,18,12,0,20,29,15,22,29,15,26,11,20,1,1,1,1,1,1,1,1,1,1,1,1,4,61,34,100,8,50,78,95,100,99,16,6,,,,,,,,,,,,,,,,,,,,,,,,
,c,1,17,99,,18,12,0,20,29,15,22,29,15,26,11,20,1,1,1,1,1,1,1,1,1,1,1,1,4,62,35,100,8,50,80,96,100,99,16,7,,,,,,,,,,,,,,,,,,,,,,,,
,c,1,17,99,,18,12,0,20,29,15,22,29,15,26,11,20,1,1,1,1,1,1,1,1,1,1,1,1,4,62,38,100,8,50,80,96,100,99,17,7,,,,,,,,,,,,,,,,,,,,,,,,
,c,1,18,99,,18,12,0,20,29,15,22,29,15,26,11,20,1,1,1,1,1,1,1,1,1,1,1,1,5,62,38,100,9,50,80,96,100,100,18,7,,,,,,,,,,,,,,,,,,,,,,,,
,c,1,19,99,,18,12,0,20,29,15,22,29,15,26,11,20,1,1,1,1,1,1,1,1,1,1,1,1,5,67,42,100,9,52,80,97,100,100,18,8,,,,,,,,,,,,,,,,,,,,,,,,
,c,1,20,99,,18,12,0,20,29,15,22,29,15,26,11,20,1,1,1,1,1,1,1,1,1,1,1,1,6,71,42,100,9,54,81,98,100,100,18,8,,,,,,,,,,,,,,,,,,,,,,,,
,c,1,21,99,,18,12,0,20,29,15,22,29,15,26,11,20,1,1,1,1,1,1,1,1,1,1,1,1,6,71,46,100,13,55,85,98,100,100,19,8,,,,,,,,,,,,,,,,,,,,,,,,
,c,1,22,99,,18,12,0,20,29,15,22,29,15,26,11,20,1,1,1,1,1,1,1,1,1,1,1,1,6,72,46,100,13,56,85,98,100,100,19,8,,,,,,,,,,,,,,,,,,,,,,,,
,c,1,22,99,,18,12,0,20,29,15,22,29,15,26,11,20,1,1,1,1,1,1,1,1,1,1,1,1,7,72,48,100,13,57,85,99,100,100,20,8,,,,,,,,,,,,,,,,,,,,,,,,
,c,1,23,99,,18,12,0,20,29,15,22,29,15,26,11,20,1,1,1,1,1,1,1,1,1,1,1,1,7,75,52,100,14,57,86,99,100,100,21,12,,,,,,,,,,,,,,,,,,,,,,,,
,c,1,24,99,,18,12,0,20,29,15,22,29,15,26,11,20,1,1,1,1,1,1,1,1,1,1,1,1,7,75,52,100,14,58,86,100,100,100,22,12,,,,,,,,,,,,,,,,,,,,,,,,
,c,1,25,99,,18,12,0,20,29,15,22,29,15,26,11,20,1,1,1,1,1,1,1,1,1,1,1,1,8,76,52,100,14,59,86,100,100,100,22,12,,,,,,,,,,,,,,,,,,,,,,,,
,c,1,26,99,,18,12,0,20,29,15,22,29,15,26,11,20,1,1,1,1,1,1,1,1,1,1,1,1,9,79,53,100,15,59,86,100,100,100,24,14,,,,,,,,,,,,,,,,,,,,,,,,
,c,1,27,99,,18,12,0,20,29,15,22,29,15,26,11,20,1,1,1,1,1,1,1,1,1,1,1,1,17,79,53,100,15,61,92,100,100,100,29,15,,,,,,,,,,,,,,,,,,,,,,,,
,c,1,27,99,,18,12,0,20,29,15,22,29,15,26,11,20,1,1,1,1,1,1,0,1,1,1,1,1,21,79,53,100,15,63,93,100,100,100,32,15,,,,,,,,,,,,,,,,,,,4,,,,,
,c,1,28,99,,18,12,0,20,29,15,22,29,15,26,11,20,1,0,1,1,1,1,0,1,1,1,1,1,23,80,53,100,19,67,93,100,100,0,35,15,,,,,,,,,,1,,,,10,,,,,,,,,,
,c,1,29,99,,18,12,0,20,29,15,22,29,15,26,11,20,1,0,1,1,1,1,0,1,1,1,1,1,29,80,54,100,19,68,93,100,100,0,35,15,,,,,,,,,,,,,,,,,,,,,,,,
,c,1,30,99,,18,12,0,20,29,15,22,29,15,26,11,20,1,0,1,1,1,1,0,1,1,1,1,1,32,80,59,100,19,71,93,100,100,1,36,16,,,,,,,,,,,,,,,,,,,,,,,,
,c,1,31,99,,18,12,0,20,29,15,22,29,15,26,11,20,1,0,1,1,1,1,0,1,1,1,1,1,33,81,61,100,20,74,94,100,100,1,37,16,,,,,,,,,,,,,,,,,,,,,,,,
,c,1,32,99,,18,12,0,20,29,15,22,29,15,26,11,20,1,0,1,1,1,1,0,1,1,1,1,1,33,81,61,100,22,77,94,100,100,1,39,16,,,,,,,,,,,,,,,,,,,,,,,,
,c,1,32,99,,18,12,0,20,29,15,22,29,15,26,11,20,1,0,1,1,1,1,0,1,1,1,1,1,33,81,61,100,22,79,94,0,100,3,39,16,,,,,,,,1,,,,,,,,,,,,,,,,
,c,1,33,99,,18,12,0,20,29,15,22,29,15,26,11,20,1,0,1,1,1,1,0,1,1,1,1,1,36,82,62,100,22,82,94,0,100,4,39,17,,,,,,,,,,,,,,,,,,,,,,,,
,c,1,34,99,,18,12,0,20,29,15,22,29,15,26,11,20,1,0,1,1,1,0,0,1,1,1,1,1,37,82,62,100,23,83,95,0,100,5,40,17,,,,,,,,,,,,,,,,,,9,,,,,,
,c,1,35,99,,18,12,0,20,29,15,22,29,15,26,11,20,1,0,1,1,1,0,0,1,1,1,1,1,39,82,62,100,23,83,95,1,100,11,41,17,,,,,,,,,,,,,,,,,,,,,,,,
,c,1,36,99,,18,12,0,20,29,15,22,29,15,26,11,20,0,0,1,1,1,0,1,1,1,1,1,1,40,82,65,100,23,83,95,1,100,14,41,18,,,,,,,,,,,,,10,,,,,,,,,,,
,c,1,37,99,,18,12,0,20,29,15,22,29,15,26,11,20,0,1,1,1,1,0,1,1,1,1,1,1,40,83,66,0,24,84,95,1,0,17,41,18,,,,1,,,,,1,,,,,,,,,,,,,,,
,c,1,37,99,,18,12,0,20,29,15,22,29,15,26,11,20,0,1,1,1,1,0,1,1,1,1,1,1,40,83,66,0,24,84,95,2,2,19,42,21,,,,,,,,,,,,,,,,,,,,,,,,
,c,1,38,99,,18,26,0,20,29,15,22,29,15,26,11,20,0,1,1,1,1,0,1,1,1,1,1,1,40,0,66,0,24,84,96,2,6,19,43,22,,1,,,,,,,,,,,,,,,,,,,,,,
,c,1,39,99,,18,26,0,20,29,15,22,29,15,26,11,20,0,1,0,1,1,0,1,1,1,1,1,1,40,0,67,0,31,84,96,2,7,20,45,29,,,,,,,,,,,,,,,11,,,,,,,,,
,c,1,40,99,,18,26,0,20,29,15,22,29,15,26,11,20,0,1,0,1,1,0,1,1,1,1,1,1,41,0,67,0,35,84,96,10,8,24,49,29,,,,,,,,,,,,,,,,,,,,,,,,
,c,1,41,99,,18,26,0,20,29,15,22,29,15,26,11,20,0,1,0,1,1,0,1,1,1,1,1,1,41,1,67,1,35,85,96,14,11,37,52,29,,,,,,,,,,,,,,,,,,,,,,,,
,c,1,42,99,,18,26,0,20,29,15,22,29,15,26,11,20,0,1,0,1,0,1,1,1,1,1,1,1,41,1,67,2,35,85,96,15,13,37,54,30,,,,,,,,,,,,,,,,,8,,,,,,,
,c,1,42,99,,18,26,0,20,29,15,22,29,15,26,11,20,0,1,0,1,0,1,1,1,0,1,1,1,41,1,68,12,35.5,85,97,15,14,37,54,37,,,,,,,,,,,,,,,,,,,,,4,,,
,c,2,42,99,,18,26,0,20,29,15,22,29,15,26,11,20,0,1,0,1,0,1,1,1,0,1,1,1,42,3,68,13,36,85,97,16,15,38,55,39,,,,,,,,,,,,,,,,,,,,,,,,
,c,2,42,99,,18,26,0,20,29,15,22,29,15,26,11,20,1,1,0,0,0,1,1,1,0,1,1,1,42,5,68,13,36,85,97,16,15,38,56,45,,,,,,,,,,,,,,,,12,,,,,,,,
,c,2,42,99,,18,26,0,20,29,15,22,29,15,26,11,20,1,1,0,0,0,1,1,1,0,1,1,1,42,5,68,13,37,86,100,16,15,39,56,45,,,,,,,,,,,,,,,,,,,,,,,,
,c,2,42,99,,18,26,0,20,29,15,22,29,15,26,11,20,1,1,0,0,0,1,1,1,0,1,1,1,42,6,69,13,37,86,100,17,15,39,56,45,,,,,,,,,,,,,,,,,,,,,,,,
,c,2,42,99,,18,26,0,20,29,15,22,29,15,26,11,20,1,1,0,0,0,1,1,1,0,1,1,1,43,6,69,13,37,86,100,17,16,39,57,45,,,,,,,,,,,,,,,,,,,,,,,,
,c,2,42,99,,18,26,0,20,29,15,22,29,15,26,11,20,1,0,1,0,0,1,1,1,0,1,1,1,43,6,69,14,38,86,100,17,16,43,57,45,,,,,,,,,,,,,,10,,,,,,,,,,
